timestamp,epoch,devinoc_rss_mb,devinoc_vsz_mb,devinoc_cpu_ticks,devinoc_uptime_sec,wxp_rss_mb,wxp_vsz_mb,wxp_cpu_ticks,wxp_uptime_sec,mem_total_mb,mem_used_mb,mem_avail_mb,swap_total_mb,swap_used_mb,load_1m,load_5m,load_15m
2026-06-09T09:59:51Z,1780999191,338,72711,1221,663,338,72698,17349,9597,3916,2100,1816,4096,431,0.74,0.57,0.55
2026-06-09T10:00:04Z,1780999204,338,72711,1234,676,338,72698,17374,9610,3916,2129,1787,4096,431,1.92,0.82,0.63
2026-06-09T10:00:10Z,1780999210,338,72711,1238,682,338,72698,17384,9616,3916,2141,1775,4096,431,1.84,0.82,0.63
2026-06-09T10:15:00Z,1781000100,338,72711,2614,1572,282,72698,18776,10506,3916,1309,2607,4096,425,0.09,0.18,0.38
2026-06-09T10:30:00Z,1781001000,358,72711,3786,2472,284,72698,20623,11406,3916,1411,2505,4096,425,0.05,0.06,0.17
2026-06-09T10:45:01Z,1781001901,359,72711,4549,3373,284,72698,22366,12307,3916,1411,2505,4096,425,0.00,0.01,0.06
2026-06-09T11:00:03Z,1781002803,353,72711,5771,4275,285,72698,24097,13209,3916,1398,2518,4096,425,0.02,0.07,0.07
2026-06-09T11:15:01Z,1781003701,352,72711,7766,5173,282,72698,25762,14107,3916,1405,2511,4096,425,0.11,0.11,0.08
2026-06-09T11:30:34Z,1781004634,352,72711,9802,6106,286,72698,26798,15040,3916,1403,2513,4096,425,0.00,0.02,0.05
2026-06-09T11:45:01Z,1781005501,353,72711,10549,6973,286,72698,27479,15907,3916,1405,2511,4096,425,0.04,0.06,0.04
2026-06-09T12:00:18Z,1781006418,360,72711,11380,7890,287,72698,28224,16824,3916,1420,2496,4096,425,0.01,0.03,0.00
2026-06-09T12:15:01Z,1781007301,360,72711,12074,8773,287,72698,28907,17707,3916,1409,2507,4096,425,0.03,0.03,0.00
2026-06-09T12:30:02Z,1781008202,361,72711,12872,9674,284,72698,30386,18608,3916,1407,2509,4096,425,0.14,0.17,0.07
2026-06-09T12:45:01Z,1781009101,362,72711,13670,10573,284,72698,32098,19507,3916,1413,2503,4096,425,0.00,0.02,0.04
2026-06-09T13:00:06Z,1781010006,356,72711,15841,11478,282,72698,33807,20412,3916,1407,2509,4096,425,0.22,0.09,0.02
2026-06-09T13:15:00Z,1781010900,356,72711,18005,12372,282,72698,35468,21306,3916,1405,2511,4096,425,0.00,0.01,0.00
2026-06-09T13:30:00Z,1781011800,352,72711,20174,13272,286,72698,36472,22206,3916,1409,2507,4096,425,0.02,0.03,0.00
2026-06-09T13:45:00Z,1781012700,352,72711,22334,14172,287,72698,37133,23106,3916,1397,2519,4096,425,0.03,0.03,0.00
2026-06-09T14:00:01Z,1781013601,359,72711,24559,15073,288,72698,37862,24007,3916,1408,2508,4096,425,0.11,0.10,0.03
2026-06-09T14:15:01Z,1781014501,358,72711,26753,15973,289,72698,38634,24907,3916,1408,2508,4096,425,0.20,0.14,0.06
2026-06-09T14:30:02Z,1781015402,358,72711,28993,16874,284,72698,40118,25808,3916,1401,2515,4096,425,0.01,0.06,0.07
2026-06-09T14:45:01Z,1781016301,358,72711,31194,17773,284,72698,41836,26707,3916,1399,2517,4096,425,0.00,0.00,0.00
2026-06-09T15:00:03Z,1781017203,411,72839,37521,18675,282,72698,43569,27609,3916,1488,2428,4096,425,0.44,0.31,0.13
2026-06-09T15:15:01Z,1781018101,397,72839,45905,19573,282,72698,45290,28507,3916,1488,2428,4096,425,0.09,0.16,0.15
2026-06-09T15:30:01Z,1781019001,401,72839,52532,20473,284,72698,47096,29407,3916,1492,2424,4096,425,0.09,0.14,0.15
2026-06-09T15:45:01Z,1781019901,410,72871,65884,21373,284,72698,48811,30307,3916,1499,2417,4096,425,0.05,0.13,0.15
2026-06-09T16:00:00Z,1781020800,428,72871,70766,22272,285,72698,50512,31206,3916,1519,2397,4096,425,0.04,0.02,0.05
2026-06-09T16:15:01Z,1781021701,416,72871,74977,23173,282,72698,52191,32107,3916,1497,2419,4096,425,0.46,0.24,0.16
2026-06-09T16:30:38Z,1781022638,415,72871,79722,24110,289,72698,53920,33044,3916,1509,2407,4096,425,0.25,0.23,0.18
2026-06-09T16:45:01Z,1781023501,415,72871,84126,24973,289,72698,55535,33907,3916,1514,2402,4096,425,0.00,0.07,0.10
2026-06-09T17:00:38Z,1781024438,418,72871,88982,25910,290,72698,57290,34844,3916,1512,2404,4096,425,0.26,0.13,0.10
2026-06-09T17:15:01Z,1781025301,413,72871,92752,26773,290,72698,58818,35707,3916,1513,2403,4096,425,0.00,0.02,0.06
2026-06-09T17:30:04Z,1781026204,413,72871,96927,27675,284,72698,60555,36609,3916,1507,2409,4096,425,0.08,0.18,0.10
2026-06-09T17:45:01Z,1781027101,413,72871,100964,28573,284,72698,62222,37507,3916,1504,2412,4096,425,0.12,0.08,0.08
2026-06-09T18:00:01Z,1781028001,413,72871,105178,29473,284,72698,63787,38407,3916,1520,2396,4096,425,0.00,0.08,0.11
2026-06-09T18:15:01Z,1781028901,413,72871,109278,30373,284,72698,65236,39307,3916,1504,2412,4096,425,0.04,0.12,0.10
2026-06-09T18:30:01Z,1781029801,414,72871,113410,31273,282,72698,66689,40207,3916,1506,2410,4096,424,0.26,0.18,0.12
2026-06-09T18:45:01Z,1781030701,413,72871,117228,32172,282,72698,68161,41106,3916,1502,2414,4096,424,0.06,0.07,0.08
2026-06-09T19:00:00Z,1781031600,415,72871,119228,33072,282,72698,69658,42006,3916,1503,2413,4096,424,0.07,0.07,0.06
2026-06-09T19:15:00Z,1781032500,415,72871,121606,33972,282,72698,71106,42906,3916,1521,2395,4096,424,0.00,0.02,0.03
2026-06-09T19:30:18Z,1781033418,411,72871,124007,34890,284,72698,72636,43824,3916,1499,2417,4096,424,0.00,0.02,0.00
2026-06-09T19:45:01Z,1781034301,411,72871,126404,35773,284,72698,74078,44707,3916,1493,2423,4096,424,0.02,0.05,0.02
2026-06-09T20:00:01Z,1781035201,415,72871,127715,36673,285,72698,75536,45607,3916,1505,2411,4096,424,0.09,0.08,0.03
2026-06-09T20:15:00Z,1781036100,415,72871,128601,37572,284,72698,76949,46506,3916,1519,2397,4096,424,0.00,0.03,0.00
2026-06-09T20:30:00Z,1781037000,417,72871,129621,38472,289,72698,78424,47406,3916,1507,2409,4096,424,0.07,0.04,0.00
2026-06-09T20:45:01Z,1781037901,415,72871,131656,39373,289,72698,79901,48307,3916,1508,2408,4096,424,0.00,0.00,0.00
2026-06-09T21:00:00Z,1781038800,418,72871,133651,40272,289,72698,81330,49206,3916,1506,2410,4096,424,0.02,0.07,0.03
2026-06-09T21:15:01Z,1781039701,439,72919,139295,41173,290,72698,82767,50107,3916,1541,2375,4096,424,0.03,0.05,0.04
2026-06-09T21:30:00Z,1781040600,436,72919,141367,42072,282,72698,84271,51006,3916,1538,2378,4096,424,0.03,0.07,0.03
2026-06-09T21:45:00Z,1781041500,436,72919,143402,42971,283,72698,85727,51906,3916,1523,2393,4096,424,0.02,0.07,0.03
2026-06-09T22:00:38Z,1781042438,437,72919,145445,43910,282,72698,87162,52844,3916,1524,2392,4096,424,0.00,0.00,0.00
2026-06-09T22:15:01Z,1781043301,437,72919,147385,44773,283,72698,88528,53707,3916,1520,2396,4096,424,0.00,0.00,0.00
2026-06-09T22:30:18Z,1781044218,437,72919,149414,45690,282,72698,89997,54624,3916,1540,2376,4096,424,0.07,0.04,0.01
2026-06-09T22:45:01Z,1781045101,436,72919,151495,46572,283,72698,91481,55506,3916,1518,2398,4096,424,0.00,0.02,0.00
2026-06-09T23:00:01Z,1781046001,442,72919,154357,47473,282,72698,92939,56407,3916,1530,2386,4096,424,0.34,0.28,0.13
2026-06-09T23:15:00Z,1781046900,442,72919,156289,48372,283,72698,94399,57306,3916,1543,2373,4096,424,0.00,0.02,0.04
2026-06-09T23:30:00Z,1781047800,440,72919,158170,49272,285,72698,95960,58206,3916,1537,2379,4096,424,0.08,0.15,0.07
2026-06-09T23:45:01Z,1781048701,441,72919,159892,50173,285,72698,97435,59107,3916,1526,2390,4096,424,0.30,0.21,0.13
2026-06-10T00:00:01Z,1781049601,449,72919,161789,51072,286,72698,98913,60006,3916,1555,2361,4096,424,0.08,0.08,0.11
2026-06-10T00:15:01Z,1781050501,582,73002,164358,51973,285,72698,100398,60907,3916,1659,2257,4096,424,0.00,0.04,0.07
2026-06-10T00:30:00Z,1781051400,543,73002,167925,52872,290,72698,101900,61806,3916,1659,2257,4096,424,0.10,0.08,0.07
2026-06-10T00:45:00Z,1781052300,515,73002,170958,53772,290,72698,103370,62706,3916,1608,2308,4096,424,0.26,0.25,0.12
2026-06-10T01:00:09Z,1781053209,518,73002,174085,54681,290,72698,104867,63615,3916,1613,2303,4096,424,0.01,0.02,0.04
2026-06-10T01:15:01Z,1781054101,518,73002,177325,55573,284,72698,106427,64507,3916,1618,2298,4096,424,0.00,0.01,0.01
2026-06-10T01:30:18Z,1781055018,519,73066,180673,56490,290,72698,108094,65424,3916,1610,2306,4096,424,0.02,0.04,0.00
2026-06-10T01:45:01Z,1781055901,521,73066,183311,57373,290,72698,109707,66307,3916,1620,2296,4096,424,0.01,0.03,0.00
2026-06-10T02:00:38Z,1781056838,459,73066,186040,58310,290,72698,111410,67244,3916,1558,2358,4096,424,0.01,0.02,0.00
2026-06-10T02:15:00Z,1781057700,459,73066,188325,59172,290,72698,112916,68106,3916,1558,2358,4096,424,0.06,0.05,0.03
2026-06-10T02:30:00Z,1781058600,448,73066,190721,60072,290,72698,114500,69006,3916,2008,1908,4096,424,0.74,0.38,0.16
2026-06-10T02:45:01Z,1781059501,448,73066,192940,60973,290,72698,115999,69907,3916,2016,1900,4096,424,0.02,0.29,0.31
2026-06-10T03:00:00Z,1781060400,455,73066,195217,61872,290,72698,117445,70806,3916,2016,1900,4096,424,0.10,0.12,0.17
2026-06-10T03:15:01Z,1781061301,457,73066,197771,62773,283,72698,118922,71707,3916,2019,1897,4096,424,0.15,0.08,0.09
2026-06-10T03:30:01Z,1781062201,467,73230,202778,63673,290,72698,120479,72607,3916,2046,1870,4096,425,0.73,0.26,0.15
2026-06-10T03:45:01Z,1781063101,463,73230,205567,64573,290,72698,121984,73507,3916,2027,1889,4096,425,0.01,0.04,0.06
2026-06-10T04:00:01Z,1781064001,551,73256,218542,65473,291,72698,123500,74407,3916,2119,1797,4096,425,0.21,0.29,0.20
2026-06-10T04:15:01Z,1781064901,522,73256,221737,66373,291,72698,125038,75307,3916,2074,1842,4096,425,0.05,0.19,0.18
2026-06-10T04:30:00Z,1781065800,521,73256,224204,67272,288,72698,126576,76206,3916,2091,1825,4096,425,0.02,0.09,0.13
2026-06-10T04:45:01Z,1781066701,521,73256,226476,68173,288,72698,128042,77107,3916,2073,1843,4096,425,0.00,0.02,0.05
2026-06-10T05:00:02Z,1781067602,521,73256,228567,69074,283,72698,129501,78008,3916,2085,1831,4096,424,0.01,0.04,0.02
2026-06-10T05:15:01Z,1781068501,521,73256,230710,69973,283,72698,130979,78907,3916,2081,1835,4096,424,0.09,0.03,0.01
2026-06-10T05:30:00Z,1781069400,521,73256,232954,70872,291,72698,132486,79806,3916,2104,1812,4096,424,0.07,0.07,0.04
2026-06-10T05:45:00Z,1781070300,521,73256,235133,71772,291,72698,133993,80706,3916,2112,1804,4096,424,0.01,0.07,0.08
2026-06-10T06:00:00Z,1781071200,468,73256,237368,72672,292,72698,135514,81606,3916,2077,1839,4096,424,0.87,0.51,0.28
2026-06-10T06:15:01Z,1781072101,461,73256,239864,73573,293,72698,137067,82507,3916,1556,2360,4096,424,0.12,0.35,0.29
2026-06-10T06:30:00Z,1781073000,461,73256,242397,74472,294,72698,138641,83406,3916,2199,1717,4096,425,0.04,0.23,0.28
2026-06-10T06:45:01Z,1781073901,461,73256,245006,75373,295,72698,140189,84307,3916,2093,1823,4096,425,0.56,0.66,0.44
2026-06-10T07:00:28Z,1781074828,460,73256,247717,76300,291,72698,141813,85234,3916,2022,1894,4096,425,0.02,0.12,0.26
2026-06-10T07:15:01Z,1781075701,461,73256,250611,77173,291,72698,143281,86107,3916,2043,1873,4096,425,0.64,0.48,0.31
2026-06-10T07:30:00Z,1781076600,460,73256,253544,78072,288,72698,144812,87006,3916,2090,1826,4096,425,0.44,0.22,0.21
2026-06-10T07:45:00Z,1781077500,461,73256,256301,78972,288,72698,146255,87906,3916,2023,1893,4096,425,0.02,0.12,0.18
2026-06-10T08:00:02Z,1781078402,463,73256,259219,79873,289,72698,147910,88807,3916,2048,1868,4096,425,0.38,0.62,0.52
2026-06-10T08:15:00Z,1781079300,463,73256,261916,80771,289,72698,149456,89706,3916,2083,1833,4096,425,0.49,0.26,0.30
2026-06-10T08:30:05Z,1781080205,465,73256,264696,81677,297,72698,150976,90611,3916,2068,1848,4096,425,0.14,0.16,0.26
2026-06-10T08:45:00Z,1781081100,461,73256,267072,82572,297,72698,152506,91506,3916,2065,1851,4096,425,0.03,0.05,0.12
2026-06-10T09:00:23Z,1781082023,461,73256,269938,83494,299,72698,154090,92428,3916,2103,1813,4096,425,0.15,0.32,0.20
2026-06-10T09:15:00Z,1781082900,461,73256,272684,84372,300,72698,155570,93306,3916,2133,1783,4096,425,0.91,0.60,0.34
2026-06-10T09:30:13Z,1781083813,461,73256,275316,85285,308,72698,157118,94219,3916,2177,1739,4096,425,0.63,0.64,0.49
2026-06-10T09:45:01Z,1781084701,461,73256,276592,86173,310,72698,158550,95107,3916,1552,2364,4096,425,0.06,0.40,0.52
2026-06-10T10:00:03Z,1781085603,464,73256,279001,87075,312,72698,160103,96009,3916,1554,2362,4096,425,0.00,0.02,0.18
2026-06-10T10:15:01Z,1781086501,464,73256,282026,87973,313,72698,161744,96907,3916,1570,2346,4096,425,0.09,0.03,0.07
2026-06-10T10:30:00Z,1781087400,462,73256,285101,88872,322,72698,163349,97806,3916,1581,2335,4096,425,0.14,0.15,0.10
2026-06-10T10:45:00Z,1781088300,464,73256,290143,89772,324,72698,164912,98706,3916,1557,2359,4096,425,0.02,0.06,0.07
2026-06-10T11:00:00Z,1781089200,472,73256,293705,90671,325,72698,166510,99605,3916,1568,2348,4096,425,0.01,0.02,0.02
2026-06-10T11:15:01Z,1781090101,475,73256,295190,91573,327,72698,168095,100507,3916,1586,2330,4096,425,0.15,0.13,0.05
2026-06-10T11:30:00Z,1781091000,470,73256,297712,92472,335,72698,169697,101406,3916,1584,2332,4096,425,0.00,0.01,0.00
2026-06-10T11:45:01Z,1781091901,463,73256,300913,93373,337,72698,171237,102307,3916,1585,2331,4096,425,0.10,0.15,0.08
2026-06-10T12:00:00Z,1781092800,470,73256,304094,94272,338,72698,172770,103206,3916,1615,2301,4096,425,0.00,0.02,0.04
2026-06-10T12:15:01Z,1781093701,469,73256,307234,95173,340,72698,174292,104107,3916,1601,2315,4096,425,0.02,0.03,0.03
2026-06-10T12:30:00Z,1781094600,463,73256,310331,96072,348,72698,175859,105006,3916,1608,2308,4096,425,0.12,0.14,0.10
2026-06-10T12:45:00Z,1781095500,462,73256,313004,96972,350,72698,177395,105906,3916,1608,2308,4096,425,0.03,0.10,0.10
2026-06-10T13:00:04Z,1781096404,467,73256,314800,97876,352,72698,178982,106810,3916,1634,2282,4096,425,0.00,0.07,0.12
2026-06-10T13:15:00Z,1781097300,467,73256,317021,98772,353,72698,180523,107706,3916,1634,2282,4096,425,0.09,0.03,0.05
2026-06-10T13:30:00Z,1781098200,463,73256,319926,99672,362,72698,182139,108606,3916,1634,2282,4096,425,0.03,0.10,0.06
2026-06-10T13:45:01Z,1781099101,463,73256,322857,100572,363,72698,183705,109507,3916,1628,2288,4096,425,0.40,0.10,0.04
2026-06-10T14:00:00Z,1781100000,468,73256,325795,101472,365,72698,185286,110406,3916,1611,2305,4096,425,0.15,0.13,0.09
2026-06-10T14:15:01Z,1781100901,471,73256,328705,102372,367,72698,186855,111307,3916,1610,2306,4096,425,0.00,0.04,0.06
2026-06-10T14:30:01Z,1781101801,467,73256,331642,103273,284,72698,188460,112207,3916,1534,2382,4096,425,0.00,0.00,0.00
2026-06-10T14:45:01Z,1781102701,463,73256,334494,104173,284,72698,190006,113107,3916,1560,2356,4096,425,0.08,0.02,0.00
2026-06-10T15:00:01Z,1781103601,465,73256,337390,105073,284,72698,191520,114007,3916,1551,2365,4096,425,0.07,0.07,0.04
2026-06-10T15:15:00Z,1781104500,466,73256,340265,105972,285,72698,193053,114906,3916,1542,2374,4096,425,0.08,0.11,0.06
2026-06-10T15:30:01Z,1781105401,465,73256,343209,106873,289,72698,194621,115807,3916,1551,2365,4096,425,0.03,0.04,0.02
2026-06-10T15:45:00Z,1781106300,463,73256,346428,107772,289,72698,196127,116706,3916,1557,2359,4096,425,0.19,0.11,0.04
2026-06-10T16:00:01Z,1781107201,463,73256,349085,108673,291,72698,197638,117607,3916,1529,2387,4096,425,0.00,0.05,0.06
2026-06-10T16:15:00Z,1781108100,463,73256,351917,109572,292,72698,199188,118506,3916,1532,2384,4096,425,0.33,0.26,0.14
2026-06-10T16:30:00Z,1781109000,466,73256,354725,110472,298,72698,200766,119406,3916,1565,2351,4096,425,0.00,0.01,0.04
2026-06-10T16:45:01Z,1781109901,463,73256,357681,111373,299,72698,202361,120307,3916,1550,2366,4096,425,0.04,0.03,0.01
2026-06-10T17:00:00Z,1781110800,470,73256,360639,112272,301,72698,203967,121206,3916,1558,2358,4096,425,0.28,0.17,0.07
2026-06-10T17:15:01Z,1781111701,463,73256,363562,113173,303,72698,205564,122107,3916,1564,2352,4096,425,0.01,0.04,0.07
2026-06-10T17:30:01Z,1781112601,464,73256,366377,114073,309,72698,207156,123007,3916,1567,2349,4096,425,0.04,0.01,0.00
2026-06-10T17:45:01Z,1781113501,463,73256,369256,114973,311,72698,208685,123907,3916,1581,2335,4096,425,0.01,0.03,0.00
2026-06-10T18:00:00Z,1781114400,467,73256,372115,115872,298,72698,210218,124806,3916,1548,2368,4096,425,0.03,0.04,0.00
2026-06-10T18:15:00Z,1781115300,463,73256,374911,116772,298,72698,211704,125706,3916,1546,2370,4096,425,0.04,0.07,0.01
2026-06-10T18:30:00Z,1781116200,465,73256,377629,117672,286,72698,213232,126606,3916,1542,2374,4096,425,0.06,0.06,0.06
2026-06-10T18:45:00Z,1781117100,463,73256,380450,118572,286,72698,214725,127506,3916,1547,2369,4096,425,0.01,0.04,0.05
2026-06-10T19:00:01Z,1781118001,470,73256,383321,119473,286,72698,216256,128407,3916,1548,2368,4096,425,0.17,0.15,0.08
2026-06-10T19:15:01Z,1781118901,470,73256,386272,120373,286,72698,217824,129307,3916,1550,2366,4096,425,0.16,0.10,0.07
2026-06-10T19:30:24Z,1781119824,464,73256,389243,121296,284,72698,219406,130230,3916,1557,2359,4096,425,0.00,0.01,0.03
2026-06-10T19:45:01Z,1781120701,464,73256,392041,122173,284,72698,220881,131107,3916,1549,2367,4096,425,0.07,0.05,0.02
2026-06-10T20:00:01Z,1781121601,471,73256,394889,123072,284,72698,222416,132007,3916,1558,2358,4096,425,0.06,0.03,0.01
2026-06-10T20:15:01Z,1781122501,471,73256,397731,123972,284,72698,223922,132907,3916,1537,2379,4096,425,0.03,0.03,0.00
2026-06-10T20:30:00Z,1781123400,464,73256,400437,124872,283,72698,225453,133806,3916,1543,2373,4096,425,0.14,0.08,0.03
2026-06-10T20:45:01Z,1781124301,467,73256,403179,125773,283,72698,226933,134707,3916,1535,2381,4096,425,0.00,0.00,0.00
2026-06-10T21:00:01Z,1781125201,471,73256,405840,126673,283,72698,228381,135607,3916,1537,2379,4096,425,0.01,0.02,0.00
2026-06-10T21:15:00Z,1781126100,469,73256,411286,127572,283,72698,229873,136506,3916,1540,2376,4096,425,0.06,0.07,0.03
2026-06-10T21:30:00Z,1781127000,467,73256,414163,128472,288,72698,231430,137406,3916,1547,2369,4096,425,0.16,0.08,0.02
2026-06-10T21:45:00Z,1781127900,468,73256,416764,129372,289,72698,232898,138306,3916,1551,2365,4096,425,0.05,0.07,0.07
2026-06-10T22:00:00Z,1781128800,475,73256,419400,130272,289,72698,234412,139206,3916,1564,2352,4096,425,0.00,0.00,0.01
2026-06-10T22:15:01Z,1781129701,469,73256,421888,131173,290,72698,235928,140107,3916,1554,2362,4096,425,0.25,0.11,0.02
2026-06-10T22:30:00Z,1781130600,469,73256,424311,132072,286,72698,237427,141006,3916,1540,2376,4096,425,0.02,0.02,0.00
2026-06-10T22:45:00Z,1781131500,469,73256,426718,132972,286,72698,238871,141906,3916,1549,2367,4096,425,0.00,0.01,0.00
2026-06-10T23:00:03Z,1781132403,473,73256,428310,133875,286,72698,240353,142809,3916,1533,2383,4096,425,0.00,0.01,0.00
2026-06-10T23:15:00Z,1781133300,473,73256,430075,134771,286,72698,241785,143706,3916,1521,2395,4096,425,0.07,0.06,0.02
2026-06-10T23:30:04Z,1781134204,469,73256,432534,135676,286,72698,243320,144610,3916,1543,2373,4096,425,0.06,0.03,0.01
2026-06-10T23:45:00Z,1781135100,469,73256,434989,136572,286,72698,244768,145506,3916,1525,2391,4096,425,0.00,0.02,0.00
2026-06-11T00:00:38Z,1781136038,476,73256,437573,137510,286,72698,246302,146444,3916,1529,2387,4096,425,0.27,0.14,0.05
2026-06-11T00:15:01Z,1781136901,475,73256,439935,138372,286,72698,247741,147306,3916,1535,2381,4096,425,0.04,0.07,0.03
2026-06-11T00:30:01Z,1781137801,469,73256,442399,139273,284,72698,249290,148207,3916,1545,2371,4096,425,0.01,0.07,0.07
2026-06-11T00:45:01Z,1781138701,469,73256,444884,140173,284,72698,250771,149107,3916,1530,2386,4096,425,0.08,0.08,0.04
2026-06-11T01:00:11Z,1781139611,474,73256,447355,141083,284,72698,252254,150017,3916,1550,2366,4096,425,0.07,0.09,0.08
2026-06-11T01:15:01Z,1781140501,476,73256,449731,141973,284,72698,253700,150907,3916,1571,2345,4096,425,0.06,0.02,0.01
2026-06-11T01:30:02Z,1781141402,481,73256,452293,142874,290,72698,255242,151808,3916,1565,2351,4096,425,0.04,0.13,0.10
2026-06-11T01:45:01Z,1781142301,474,73256,454822,143773,291,72698,256740,152707,3916,1572,2344,4096,425,0.00,0.04,0.07
2026-06-11T02:00:00Z,1781143200,471,73256,457417,144672,291,72698,258283,153606,3916,1569,2347,4096,425,0.08,0.04,0.03
2026-06-11T02:15:01Z,1781144101,472,73256,459973,145573,292,72698,259825,154507,3916,1549,2367,4096,425,0.19,0.12,0.03
2026-06-11T02:30:04Z,1781145004,471,73256,462663,146476,284,72698,261481,155410,3916,1547,2369,4096,425,0.07,0.17,0.12
2026-06-11T02:45:01Z,1781145901,469,73256,465192,147373,284,72698,262994,156307,3916,1526,2390,4096,425,0.19,0.18,0.15
2026-06-11T03:00:13Z,1781146813,478,73256,467858,148285,284,72698,264576,157219,3916,1545,2371,4096,425,0.15,0.06,0.07
2026-06-11T03:15:01Z,1781147701,482,73256,470427,149173,284,72698,266095,158107,3916,1532,2384,4096,425,0.18,0.09,0.04
2026-06-11T03:30:08Z,1781148608,470,73256,473021,150080,290,72698,267663,159014,3916,1526,2390,4096,425,0.03,0.02,0.03
2026-06-11T03:45:01Z,1781149501,469,73256,475539,150973,290,72698,269176,159907,3916,1528,2388,4096,425,0.00,0.00,0.00
2026-06-11T04:00:01Z,1781150401,474,73256,478100,151873,290,72698,270705,160807,3916,1546,2370,4096,425,0.02,0.12,0.07
2026-06-11T04:15:01Z,1781151301,474,73256,480693,152773,283,72698,272288,161707,3916,1532,2384,4096,425,0.06,0.12,0.09
2026-06-11T04:30:18Z,1781152218,470,73256,483306,153690,290,72698,273894,162624,3916,1546,2370,4096,425,0.10,0.08,0.07
2026-06-11T04:45:00Z,1781153100,469,73256,485785,154572,290,72698,275365,163506,3916,1533,2383,4096,425,0.00,0.03,0.05
2026-06-11T05:00:00Z,1781154000,474,73256,487711,155472,291,72698,276847,164406,3916,1567,2349,4096,425,0.08,0.05,0.04
2026-06-11T05:15:00Z,1781154900,469,73256,490242,156372,292,72698,278379,165306,3916,1570,2346,4096,425,0.06,0.10,0.06
2026-06-11T05:30:08Z,1781155808,469,73256,492803,157280,299,72698,279953,166214,3916,1548,2368,4096,425,0.32,0.21,0.12
2026-06-11T05:45:01Z,1781156701,469,73256,495354,158173,300,72698,281545,167107,3916,1548,2368,4096,425,0.17,0.17,0.11
2026-06-11T06:00:00Z,1781157600,469,73256,497966,159072,302,72698,283152,168006,3916,1554,2362,4096,425,0.09,0.04,0.05
2026-06-11T06:15:00Z,1781158500,469,73256,500573,159972,303,72698,284784,168906,3916,1577,2339,4096,425,0.03,0.08,0.06
2026-06-11T06:30:00Z,1781159400,469,73256,503178,160872,284,72698,286415,169806,3916,1517,2399,4096,425,0.21,0.09,0.09
2026-06-11T06:45:00Z,1781160300,466,73256,510902,161772,284,72698,287990,170706,3916,1539,2377,4096,425,0.07,0.11,0.09
2026-06-11T07:00:02Z,1781161202,476,73256,515665,162674,284,72698,289566,171608,3916,1552,2364,4096,425,0.01,0.07,0.08
2026-06-11T07:15:01Z,1781162101,521,73256,526522,163573,284,72698,291114,172507,3916,1584,2332,4096,425,0.18,0.16,0.10
2026-06-11T07:30:05Z,1781163005,467,73256,529838,164477,283,72698,292773,173411,3916,1538,2378,4096,425,0.08,0.12,0.09
2026-06-11T07:45:01Z,1781163901,467,73256,533568,165373,284,72698,294397,174307,3916,1529,2387,4096,425,0.04,0.03,0.03
2026-06-11T08:00:22Z,1781164822,468,73256,536565,166294,284,72698,296072,175228,3916,1532,2384,4096,425,0.07,0.03,0.01
2026-06-11T08:15:00Z,1781165700,468,73256,539425,167172,284,72698,297586,176106,3916,1536,2380,4096,424,0.00,0.01,0.00
2026-06-11T08:30:03Z,1781166603,468,73256,542697,168075,292,72698,299217,177009,3916,1560,2356,4096,424,0.52,0.26,0.10
2026-06-11T08:45:00Z,1781167500,526,73256,546268,168972,290,72698,300813,177906,3916,1593,2323,4096,424,0.09,0.28,0.20
2026-06-11T09:00:38Z,1781168438,526,73256,549851,169910,291,72698,302461,178844,3916,1591,2325,4096,424,0.02,0.05,0.10
2026-06-11T09:15:01Z,1781169301,528,73256,553413,170773,284,72698,303990,179707,3916,1587,2329,4096,424,0.11,0.03,0.03
2026-06-11T09:30:08Z,1781170208,525,73256,557336,171680,290,72698,305599,180614,3916,1611,2305,4096,424,0.08,0.02,0.01
2026-06-11T09:45:01Z,1781171101,469,73256,560495,172573,290,72698,307095,181507,3916,1524,2392,4096,423,0.02,0.06,0.03
2026-06-11T10:00:07Z,1781172007,470,73256,567843,173479,291,72698,308728,182413,3916,1527,2389,4096,423,0.09,0.11,0.09
2026-06-11T10:15:01Z,1781172901,469,73256,570575,174373,291,72698,310312,183307,3916,1531,2385,4096,423,0.01,0.04,0.06
2026-06-11T10:30:01Z,1781173801,471,73256,572873,175273,299,72698,311909,184207,3916,1541,2375,4096,423,0.02,0.02,0.00
2026-06-11T10:45:01Z,1781174701,469,73256,574936,176173,297,72698,313384,185107,3916,1534,2382,4096,423,0.03,0.03,0.00
2026-06-11T11:00:01Z,1781175601,475,73256,577818,177073,297,72698,314865,186007,3916,1577,2339,4096,423,0.00,0.03,0.00
2026-06-11T11:15:01Z,1781176501,469,73256,581097,177973,284,72698,316447,186907,3916,1526,2390,4096,423,0.00,0.02,0.00
2026-06-11T11:30:28Z,1781177428,468,73256,584733,178900,291,72698,317966,187834,3916,1527,2389,4096,423,0.02,0.11,0.08
2026-06-11T11:45:01Z,1781178301,471,73256,587494,179773,291,72698,319399,188707,3916,1550,2366,4096,423,0.18,0.08,0.05
2026-06-11T12:00:00Z,1781179200,476,73256,589708,180672,290,72698,320969,189606,3916,1531,2385,4096,423,0.09,0.08,0.08
2026-06-11T12:15:01Z,1781180101,469,73256,592386,181573,290,72698,322531,190507,3916,1546,2370,4096,423,0.01,0.05,0.06
2026-06-11T12:30:00Z,1781181000,470,73256,594977,182472,290,72698,324107,191406,3916,1534,2382,4096,423,0.01,0.06,0.06
2026-06-11T12:45:01Z,1781181901,477,73288,600859,183373,290,72698,325627,192307,3916,1572,2344,4096,423,0.07,0.15,0.13
2026-06-11T13:00:01Z,1781182801,481,73288,603867,184273,291,72698,327188,193207,3916,1555,2361,4096,423,0.08,0.08,0.09
2026-06-11T13:15:01Z,1781183701,473,73288,606486,185172,291,72698,328701,194106,3916,1534,2382,4096,423,0.19,0.08,0.07
2026-06-11T13:30:12Z,1781184612,474,73288,609384,186084,284,72698,330240,195018,3916,1532,2384,4096,423,0.04,0.03,0.01
2026-06-11T13:45:01Z,1781185501,473,73288,612322,186972,284,72698,331760,195907,3916,1560,2356,4096,423,0.00,0.00,0.00
2026-06-11T14:00:21Z,1781186421,477,73288,615113,187893,284,72698,333349,196827,3916,1532,2384,4096,423,0.02,0.06,0.05
2026-06-11T14:15:01Z,1781187301,591,73288,618158,188773,284,72698,334849,197707,3916,1650,2266,4096,423,0.00,0.03,0.06
2026-06-11T14:30:05Z,1781188205,538,73288,625003,189677,287,72698,336426,198611,3916,1601,2315,4096,423,0.01,0.10,0.09
2026-06-11T14:45:01Z,1781189101,536,73288,627807,190573,287,72698,337951,199507,3916,1598,2318,4096,423,0.00,0.01,0.04
2026-06-11T15:00:00Z,1781190000,553,73288,631020,191471,287,72698,339453,200406,3916,1601,2315,4096,423,0.01,0.02,0.00
2026-06-11T15:15:00Z,1781190900,558,73288,633167,192372,287,72698,341012,201306,3916,1629,2287,4096,423,0.17,0.17,0.07
2026-06-11T15:30:01Z,1781191801,484,73288,635536,193273,286,72698,342551,202207,3916,1554,2362,4096,423,0.24,0.21,0.13
2026-06-11T15:45:01Z,1781192701,477,73288,638810,194173,286,72698,344082,203107,3916,1529,2387,4096,423,0.01,0.05,0.08
2026-06-11T16:00:01Z,1781193601,485,73288,641695,195073,287,72698,345601,204007,3916,1559,2357,4096,423,0.04,0.01,0.01
2026-06-11T16:15:01Z,1781194501,476,73288,644396,195973,287,72698,347090,204907,3916,1543,2373,4096,423,0.02,0.04,0.00
2026-06-11T16:30:08Z,1781195408,476,73288,647217,196880,287,72698,348667,205814,3916,1535,2381,4096,423,0.03,0.03,0.00
2026-06-11T16:45:01Z,1781196301,476,73288,650046,197773,287,72698,350183,206707,3916,1545,2371,4096,423,0.00,0.05,0.05
2026-06-11T17:00:02Z,1781197202,484,73288,652820,198673,287,72698,351733,207607,3916,1554,2362,4096,423,0.03,0.15,0.13
2026-06-11T17:15:00Z,1781198100,476,73288,655671,199572,287,72698,353222,208506,3916,1539,2377,4096,423,0.02,0.05,0.07
2026-06-11T17:30:04Z,1781199004,481,73288,658579,200476,284,72698,354770,209410,3916,1559,2357,4096,423,0.00,0.00,0.01
2026-06-11T17:45:01Z,1781199901,476,73288,661463,201373,284,72698,356309,210307,3916,1534,2382,4096,423,0.00,0.02,0.00
2026-06-11T18:00:00Z,1781200800,479,73288,664318,202272,284,72698,357844,211206,3916,1545,2371,4096,423,0.31,0.12,0.04
2026-06-11T18:15:01Z,1781201701,483,73288,667108,203173,284,72698,359345,212107,3916,1555,2361,4096,423,0.00,0.01,0.00
2026-06-11T18:30:15Z,1781202615,480,73288,670123,204087,286,72698,360907,213021,3916,1539,2377,4096,423,0.14,0.11,0.03
2026-06-11T18:45:01Z,1781203501,477,73288,672743,204973,286,72698,362396,213907,3916,1540,2376,4096,423,0.11,0.06,0.01
2026-06-11T19:00:38Z,1781204438,477,73288,675566,205910,286,72698,364001,214844,3916,1542,2374,4096,423,0.05,0.10,0.04
2026-06-11T19:15:01Z,1781205301,477,73288,678250,206773,286,72698,365455,215707,3916,1551,2365,4096,423,0.00,0.02,0.00
2026-06-11T19:30:00Z,1781206200,479,73288,680962,207672,284,72698,366984,216606,3916,1533,2383,4096,423,0.03,0.03,0.00
2026-06-11T19:45:00Z,1781207100,488,73288,683854,208572,284,72698,368516,217506,3916,1538,2378,4096,423,0.00,0.02,0.00
2026-06-11T20:00:01Z,1781208001,485,73288,686520,209473,284,72698,370034,218407,3916,1542,2374,4096,423,0.07,0.07,0.03
2026-06-11T20:15:00Z,1781208900,477,73288,689205,210372,284,72698,371521,219306,3916,1537,2379,4096,423,0.33,0.24,0.10
2026-06-11T20:30:00Z,1781209800,477,73288,691842,211272,290,72698,372519,220206,3916,1547,2369,4096,423,0.13,0.11,0.09
2026-06-11T20:45:00Z,1781210700,478,73288,694586,212172,291,72698,373212,221106,3916,1550,2366,4096,423,0.00,0.02,0.05
2026-06-11T21:00:00Z,1781211600,481,73288,697307,213072,290,72698,374460,222006,3916,1538,2378,4096,423,0.00,0.00,0.00
2026-06-11T21:15:01Z,1781212501,484,73288,701341,213973,290,72698,375969,222907,3916,1561,2355,4096,423,0.11,0.09,0.03
2026-06-11T21:30:00Z,1781213400,481,73288,703985,214872,286,72698,377511,223806,3916,1544,2372,4096,423,0.07,0.03,0.00
2026-06-11T21:45:00Z,1781214300,479,73288,706900,215772,286,72698,379001,224706,3916,1533,2383,4096,423,0.24,0.07,0.02
2026-06-11T22:00:00Z,1781215200,485,73288,709593,216671,287,72698,380517,225606,3916,1537,2379,4096,423,0.04,0.08,0.07
2026-06-11T22:15:01Z,1781216101,480,73288,712472,217573,286,72698,382083,226507,3916,1530,2386,4096,423,0.00,0.00,0.01
2026-06-11T22:30:03Z,1781217003,480,73288,715266,218475,283,72698,383661,227409,3916,1541,2375,4096,423,0.03,0.06,0.03
2026-06-11T22:45:00Z,1781217900,480,73288,718106,219372,284,72698,385132,228306,3916,1550,2366,4096,423,0.01,0.03,0.00
2026-06-11T23:00:04Z,1781218804,488,73288,720918,220276,284,72698,386649,229210,3916,1551,2365,4096,423,0.27,0.15,0.05
2026-06-11T23:15:01Z,1781219701,481,73288,723862,221173,284,72698,388246,230107,3916,1541,2375,4096,423,0.89,0.24,0.09
2026-06-11T23:30:00Z,1781220600,481,73288,726825,222072,288,72698,389261,231006,3916,1564,2352,4096,423,0.06,0.03,0.04
2026-06-11T23:45:02Z,1781221502,482,73288,729047,222973,288,72698,389964,231907,3916,1546,2370,4096,423,0.01,0.03,0.00
2026-06-12T00:00:04Z,1781222404,485,73288,731052,223876,289,72698,390692,232810,3916,1548,2368,4096,423,0.01,0.04,0.01
2026-06-12T00:15:00Z,1781223300,598,73288,734258,224772,290,72698,391494,233706,3916,1686,2230,4096,423,0.00,0.03,0.00
2026-06-12T00:30:38Z,1781224238,558,73288,739826,225710,286,72698,392895,234644,3916,1613,2303,4096,423,0.06,0.15,0.09
2026-06-12T00:45:00Z,1781225100,556,73288,742572,226572,286,72698,394341,235506,3916,1632,2284,4096,423,0.07,0.02,0.02
2026-06-12T01:00:02Z,1781226002,553,73288,748787,227474,286,72698,395907,236408,3916,1609,2307,4096,423,0.03,0.04,0.02
2026-06-12T01:15:01Z,1781226901,552,73288,751532,228373,286,72698,397392,237307,3916,1627,2289,4096,423,0.20,0.12,0.03
2026-06-12T01:30:03Z,1781227803,623,73320,755241,229275,286,72698,398901,238209,3916,1693,2223,4096,423,0.24,0.11,0.05
2026-06-12T01:45:00Z,1781228700,624,73320,761576,230172,286,72698,400431,239106,3916,1676,2240,4096,423,0.19,0.19,0.10
2026-06-12T02:00:00Z,1781229600,636,73352,772605,231072,287,72698,401926,240006,3916,1730,2186,4096,423,0.08,0.11,0.15
2026-06-12T02:15:01Z,1781230501,646,73416,785598,231973,286,72698,403363,240907,3916,1714,2202,4096,423,0.16,0.29,0.21
2026-06-12T02:30:00Z,1781231400,649,73416,789985,232872,290,72698,404845,241806,3916,1734,2182,4096,423,0.16,0.12,0.14
2026-06-12T02:45:00Z,1781232300,590,73416,824994,233772,290,72698,406291,242706,3916,1686,2230,4096,423,0.25,0.51,0.39
2026-06-12T03:00:01Z,1781233201,593,73416,827919,234673,291,72698,407759,243607,3916,1679,2237,4096,423,0.04,0.09,0.17
2026-06-12T03:15:01Z,1781234101,596,73416,830400,235573,292,72698,409199,244507,3916,1700,2216,4096,423,0.04,0.11,0.10
2026-06-12T03:30:00Z,1781235000,538,73416,844293,236472,286,72698,410757,245406,3916,1616,2300,4096,423,0.01,0.12,0.12
2026-06-12T03:45:01Z,1781235901,568,73416,856954,237373,286,72698,412208,246307,3916,1666,2250,4096,423,0.38,0.39,0.23
2026-06-12T04:00:01Z,1781236801,595,73416,869594,238273,286,72698,413694,247207,3916,1697,2219,4096,423,0.17,0.16,0.17
2026-06-12T04:15:00Z,1781237700,588,73416,878175,239172,286,72698,415159,248106,3916,1699,2217,4096,423,0.12,0.09,0.11
2026-06-12T04:30:00Z,1781238600,574,73416,885831,240072,291,72698,416668,249006,3916,1656,2260,4096,423,0.01,0.05,0.07
2026-06-12T04:45:01Z,1781239501,575,73416,889132,240973,291,72698,418121,249907,3916,1652,2264,4096,423,0.05,0.08,0.08
2026-06-12T05:00:21Z,1781240421,603,73416,892681,241893,292,72698,419640,250827,3916,1701,2215,4096,423,0.07,0.13,0.11
2026-06-12T05:15:00Z,1781241300,584,73416,896197,242772,293,72698,421076,251706,3916,1664,2252,4096,423,0.00,0.02,0.04
2026-06-12T05:30:00Z,1781242200,586,73416,899999,243672,286,72698,422604,252606,3916,1677,2239,4096,423,0.56,0.20,0.08
2026-06-12T05:45:00Z,1781243100,531,73416,916774,244572,284,72698,424105,253506,3916,1652,2264,4096,423,0.03,0.19,0.21
2026-06-12T06:00:00Z,1781244000,552,73448,934528,245472,231,72698,425659,254406,3916,2390,1526,4096,470,0.60,0.59,0.54
2026-06-12T06:15:01Z,1781244901,503,73480,948530,246373,174,72698,427230,255307,3916,2047,1869,4096,776,0.89,0.84,0.77
2026-06-12T06:30:00Z,1781245800,486,73480,959871,247272,172,72698,428824,256206,3916,2150,1766,4096,786,0.84,0.52,0.58
2026-06-12T06:45:00Z,1781246700,489,73480,972831,248171,171,72698,430468,257106,3916,2088,1828,4096,789,0.06,0.56,0.69
2026-06-12T07:00:00Z,1781247600,508,73480,989128,249072,171,72698,432067,258006,3916,2116,1800,4096,781,1.11,0.46,0.46
2026-06-12T07:15:01Z,1781248501,420,73480,996953,249973,171,72698,433706,258907,3916,2024,1892,4096,780,0.55,0.31,0.30
2026-06-12T07:30:00Z,1781249400,424,73480,1009621,250872,171,72698,435359,259806,3916,2010,1906,4096,780,0.06,0.35,0.47
2026-06-12T07:45:01Z,1781250301,422,73480,1015600,251773,171,72698,437005,260707,3916,1838,2078,4096,774,0.15,0.23,0.28
2026-06-12T08:00:00Z,1781251200,421,73480,1021590,252672,171,72698,438620,261606,3916,1896,2020,4096,771,0.28,0.39,0.33
2026-06-12T08:15:00Z,1781252100,400,73480,1026796,253572,168,72698,440231,262506,3916,2526,1390,4096,783,0.43,0.40,0.36
2026-06-12T08:30:00Z,1781253000,429,73480,1036327,254472,170,72698,441834,263406,3916,1947,1969,4096,782,0.34,0.36,0.36
2026-06-12T08:45:01Z,1781253901,407,73480,1043882,255373,171,72698,443410,264307,3916,2101,1815,4096,782,0.02,0.07,0.17
2026-06-12T09:00:02Z,1781254802,407,73480,1049378,256273,171,72698,445009,265208,3916,1959,1957,4096,782,0.20,0.37,0.35
2026-06-12T09:15:01Z,1781255701,404,73480,1055075,257173,172,72698,446612,266107,3916,2039,1877,4096,782,0.10,0.34,0.41
2026-06-12T09:30:05Z,1781256605,410,73480,1061021,258077,166,72698,448296,267011,3916,2107,1809,4096,782,1.20,0.64,0.51
2026-06-12T09:45:01Z,1781257501,391,73480,1072989,258973,162,72698,449897,267907,3916,1989,1927,4096,808,1.40,1.23,0.97
2026-06-12T10:00:06Z,1781258406,364,73480,1077937,259878,165,72698,451524,268812,3916,1287,2629,4096,792,0.02,0.17,0.51
2026-06-12T10:15:01Z,1781259301,363,73480,1082377,260773,165,72698,453037,269707,3916,1255,2661,4096,788,0.15,0.16,0.30
2026-06-12T10:30:18Z,1781260218,364,73480,1086678,261690,169,72698,454624,270624,3916,1269,2647,4096,788,0.34,0.15,0.18
2026-06-12T10:45:00Z,1781261100,363,73480,1090792,262572,169,72698,456079,271506,3916,1289,2627,4096,788,0.10,0.11,0.11
2026-06-12T11:00:33Z,1781262033,365,73480,1094576,263505,169,72698,457623,272439,3916,1293,2623,4096,788,0.00,0.02,0.04
2026-06-12T11:15:08Z,1781262908,364,73480,1098240,264380,170,72698,459072,273314,3916,1293,2623,4096,788,0.05,0.02,0.00
2026-06-12T11:30:07Z,1781263807,364,73480,1101951,265279,167,72698,460650,274213,3916,1300,2616,4096,788,0.21,0.12,0.03
2026-06-12T11:45:00Z,1781264700,365,73480,1105588,266171,167,72698,462116,275106,3916,1290,2626,4096,788,0.01,0.06,0.07
2026-06-12T12:00:18Z,1781265618,370,73480,1109293,267090,167,72698,463586,276024,3916,1993,1923,4096,789,1.58,1.24,0.75
2026-06-12T12:15:01Z,1781266501,364,73480,1113180,267973,167,72698,464970,276907,3916,1943,1973,4096,789,0.00,0.34,0.64
2026-06-12T12:30:08Z,1781267408,364,73480,1117218,268880,174,72698,466415,277814,3916,1302,2614,4096,789,0.00,0.03,0.25
2026-06-12T12:45:01Z,1781268301,364,73480,1121132,269773,167,72698,467920,278707,3916,1299,2617,4096,789,0.00,0.00,0.08
2026-06-12T13:00:12Z,1781269212,371,73480,1124595,270684,167,72698,469444,279618,3916,1302,2614,4096,789,0.00,0.07,0.08
2026-06-12T13:15:01Z,1781270101,371,73480,1128201,271573,168,72698,470866,280507,3916,1306,2610,4096,789,0.52,0.27,0.16
2026-06-12T13:30:02Z,1781271002,363,73480,1131680,272474,174,72698,472351,281408,3916,1305,2611,4096,789,0.16,0.08,0.10
2026-06-12T13:45:01Z,1781271901,367,73480,1135211,273372,174,72698,473841,282306,3916,1318,2598,4096,789,0.00,0.03,0.05
2026-06-12T14:00:00Z,1781272800,370,73480,1138118,274272,174,72698,475287,283206,3916,1275,2641,4096,789,0.17,0.08,0.03
2026-06-12T14:15:02Z,1781273702,363,73480,1141409,275174,167,72698,476730,284108,3916,1281,2635,4096,789,0.04,0.05,0.01
2026-06-12T14:30:03Z,1781274603,367,73480,1145194,276074,171,72698,478204,285008,3916,1959,1957,4096,789,0.94,0.31,0.11
2026-06-12T14:45:01Z,1781275501,364,73480,1149062,276973,172,72698,479749,285907,3916,1289,2627,4096,789,0.37,0.14,0.10
2026-06-12T15:00:05Z,1781276405,505,73480,1163008,277877,162,72698,481185,286811,3916,1451,2465,4096,787,0.37,0.31,0.18
2026-06-12T15:15:01Z,1781277301,512,73512,1182002,278773,163,72698,482595,287707,3916,1442,2474,4096,786,0.60,0.50,0.32
2026-06-12T15:30:01Z,1781278201,470,73617,1189230,279673,166,72698,484025,288607,3916,1391,2525,4096,791,0.00,0.13,0.27
2026-06-12T15:45:01Z,1781279101,509,73617,1192854,280573,166,72698,485497,289507,3916,1431,2485,4096,791,0.10,0.14,0.16
2026-06-12T16:00:01Z,1781280001,399,73617,1195836,281472,166,72698,486906,290407,3916,1317,2599,4096,791,0.03,0.04,0.07
2026-06-12T16:15:01Z,1781280901,408,73617,1198909,282373,166,72698,488393,291307,3916,1326,2590,4096,791,0.16,0.17,0.12
2026-06-12T16:30:00Z,1781281800,400,73617,1202054,283271,166,72698,489932,292206,3916,1318,2598,4096,791,0.06,0.09,0.12
2026-06-12T16:45:00Z,1781282700,399,73617,1204871,284172,166,72698,491418,293106,3916,1334,2582,4096,791,0.00,0.04,0.07
2026-06-12T17:00:03Z,1781283603,407,73617,1207863,285075,166,72698,492861,294009,3916,1325,2591,4096,791,0.03,0.03,0.01
2026-06-12T17:15:01Z,1781284501,399,73617,1210562,285973,167,72698,494326,294907,3916,1323,2593,4096,791,0.37,0.37,0.21
2026-06-12T17:30:00Z,1781285400,403,73617,1213701,286872,168,72698,495864,295806,3916,1322,2594,4096,791,0.00,0.05,0.09
2026-06-12T17:45:00Z,1781286300,400,73617,1216444,287771,168,72698,497286,296706,3916,1322,2594,4096,791,0.00,0.02,0.04
2026-06-12T18:00:03Z,1781287203,403,73617,1219298,288675,168,72698,498684,297609,3916,1322,2594,4096,791,0.34,0.14,0.07
2026-06-12T18:15:01Z,1781288101,401,73617,1222152,289573,163,72698,500160,298507,3916,1317,2599,4096,791,0.00,0.04,0.07
2026-06-12T18:30:00Z,1781289000,407,73617,1224944,290472,170,72698,501583,299406,3916,1334,2582,4096,791,0.24,0.13,0.05
2026-06-12T18:45:01Z,1781289901,401,73617,1228041,291373,171,72698,503092,300307,3916,1321,2595,4096,791,0.04,0.03,0.00
2026-06-12T19:00:00Z,1781290800,403,73617,1230690,292271,170,72698,504582,301206,3916,1339,2577,4096,791,0.00,0.01,0.00
2026-06-12T19:15:01Z,1781291701,401,73617,1233623,293172,170,72698,506028,302107,3916,1323,2593,4096,791,0.07,0.06,0.01
2026-06-12T19:30:01Z,1781292601,401,73617,1236318,294073,171,72698,507489,303007,3916,1337,2579,4096,791,0.07,0.09,0.07
2026-06-12T19:45:00Z,1781293500,409,73617,1239406,294972,171,72698,508984,303906,3916,1357,2559,4096,791,0.32,0.22,0.12
2026-06-12T20:00:12Z,1781294412,433,73617,1242648,295884,171,72698,510459,304818,3916,1366,2550,4096,791,0.19,0.20,0.15
2026-06-12T20:15:02Z,1781295302,401,73617,1245385,296774,171,72698,511857,305708,3916,1332,2584,4096,791,0.05,0.09,0.09
2026-06-12T20:30:00Z,1781296200,403,73617,1248230,297672,171,72698,513370,306606,3916,1347,2569,4096,791,0.04,0.07,0.06
2026-06-12T20:45:00Z,1781297100,415,73617,1251312,298572,172,72698,514785,307506,3916,1343,2573,4096,791,0.07,0.04,0.01
2026-06-12T21:00:00Z,1781298000,402,73617,1253932,299472,172,72698,516214,308406,3916,1343,2573,4096,791,0.16,0.06,0.01
2026-06-12T21:15:00Z,1781298900,401,73617,1257677,300372,173,72698,517717,309306,3916,1384,2532,4096,791,0.06,0.13,0.05
2026-06-12T21:30:00Z,1781299800,401,73617,1260213,301272,180,72698,519187,310206,3916,1385,2531,4096,791,0.00,0.02,0.05
2026-06-12T21:45:01Z,1781300701,402,73617,1262802,302173,181,72698,520669,311107,3916,1408,2508,4096,790,0.00,0.04,0.01
2026-06-12T22:00:01Z,1781301601,407,73617,1265279,303073,183,72698,522131,312007,3916,1409,2507,4096,790,0.07,0.09,0.05
2026-06-12T22:15:02Z,1781302502,406,73617,1267977,303973,185,72698,523594,312907,3916,1397,2519,4096,790,0.01,0.06,0.02
2026-06-12T22:30:01Z,1781303401,401,73617,1270472,304872,166,72698,525072,313806,3916,1379,2537,4096,790,0.03,0.03,0.00
2026-06-12T22:45:01Z,1781304301,405,73617,1272938,305773,166,72698,526408,314707,3916,1379,2537,4096,790,0.00,0.05,0.04
2026-06-12T23:00:08Z,1781305208,410,73617,1275816,306680,166,72698,527855,315614,3916,1396,2520,4096,790,0.04,0.07,0.04
2026-06-12T23:15:01Z,1781306101,470,73617,1280344,307573,167,72698,529282,316507,3916,1491,2425,4096,790,0.00,0.03,0.02
2026-06-12T23:30:07Z,1781307007,460,73617,1285849,308478,168,72698,530789,317413,3916,1475,2441,4096,789,0.00,0.02,0.00
2026-06-12T23:45:01Z,1781307901,461,74097,1292489,309373,166,72698,532246,318307,3916,1777,2139,4096,791,0.12,0.20,0.12
2026-06-13T00:00:00Z,1781308800,466,74097,1299846,310272,293,72698,534029,319206,3916,1889,2027,4096,786,0.06,0.17,0.17
2026-06-13T00:15:04Z,1781309704,522,74129,1308856,311176,212,72698,535721,320110,3916,1528,2388,4096,784,0.34,0.47,0.36
2026-06-13T00:30:03Z,1781310603,605,74129,1319411,312075,269,72698,538267,321009,3916,1609,2307,4096,801,0.52,0.38,0.31
2026-06-13T00:45:01Z,1781311501,504,74129,1336717,312973,269,72698,540448,321907,3916,1527,2389,4096,800,0.19,0.26,0.26
2026-06-13T01:00:00Z,1781312400,443,74129,1340371,313872,269,72698,542579,322806,3916,1506,2410,4096,800,0.08,0.06,0.12
2026-06-13T01:15:02Z,1781313302,446,74129,1344965,314774,271,72698,544809,323708,3916,1465,2451,4096,799,0.00,0.04,0.07
2026-06-13T01:30:01Z,1781314201,522,74161,1357641,315673,282,72698,547509,324607,3916,2232,1684,4096,814,0.43,0.62,0.41
2026-06-13T01:45:04Z,1781315104,513,74161,1360833,316576,284,72698,549620,325510,3916,2229,1687,4096,813,0.46,0.46,0.43
2026-06-13T02:00:02Z,1781316002,523,74161,1363317,317474,284,72698,550454,326408,3916,2268,1648,4096,813,0.43,0.35,0.35
2026-06-13T02:15:00Z,1781316900,513,74161,1367903,318372,285,72698,551507,327306,3916,2288,1628,4096,818,0.20,0.36,0.38
2026-06-13T02:30:00Z,1781317800,436,74161,1370593,319271,283,72698,553453,328206,3916,2200,1716,4096,818,0.33,0.32,0.33
2026-06-13T02:45:00Z,1781318700,436,74161,1373033,320172,290,72698,555859,329106,3916,2207,1709,4096,818,0.50,0.35,0.34
2026-06-13T03:00:00Z,1781319600,572,74161,1382981,321072,290,72698,558479,330006,3916,2395,1521,4096,818,0.22,0.40,0.33
2026-06-13T03:15:01Z,1781320501,552,74161,1425431,321973,223,72698,561248,330907,3916,2299,1617,4096,818,0.53,0.88,0.77
2026-06-13T03:30:38Z,1781321438,514,74161,1430122,322910,225,72698,564113,331844,3916,2262,1654,4096,818,0.03,0.17,0.36
2026-06-13T03:45:01Z,1781322301,516,74161,1434718,323773,225,72698,566640,332707,3916,2255,1661,4096,817,0.34,0.23,0.28
2026-06-13T04:00:01Z,1781323201,518,74161,1439599,324673,225,72698,569322,333607,3916,2234,1682,4096,817,0.18,0.21,0.24
2026-06-13T04:15:01Z,1781324101,515,74161,1444498,325573,223,72698,572018,334507,3916,2242,1674,4096,817,0.35,0.40,0.35
2026-06-13T04:30:26Z,1781325026,515,74161,1449378,326498,222,72698,574807,335432,3916,2239,1677,4096,817,0.03,0.05,0.16
2026-06-13T04:45:00Z,1781325900,441,74161,1454412,327372,223,72698,577387,336306,3916,2162,1754,4096,817,0.14,0.31,0.26
2026-06-13T05:00:08Z,1781326808,444,74161,1459111,328280,222,72698,580107,337214,3916,2162,1754,4096,817,0.10,0.25,0.26
2026-06-13T05:15:00Z,1781327700,442,74161,1463164,329172,230,72698,583061,338106,3916,1337,2579,4096,817,0.30,0.20,0.19
2026-06-13T05:30:12Z,1781328612,441,74161,1467190,330084,230,72698,584927,339018,3916,1353,2563,4096,817,0.10,0.20,0.20
2026-06-13T05:45:01Z,1781329501,441,74161,1470117,330973,230,72698,586953,339907,3916,1333,2583,4096,817,0.00,0.02,0.07
2026-06-13T06:00:00Z,1781330400,456,74161,1472961,331872,230,72698,589015,340806,3916,1379,2537,4096,817,0.00,0.03,0.04
2026-06-13T06:15:05Z,1781331305,451,74161,1475424,332777,223,72698,591017,341711,3916,1371,2545,4096,817,0.02,0.01,0.00
2026-06-13T06:30:00Z,1781332200,535,74161,1480278,333672,223,72698,593072,342606,3916,1477,2439,4096,817,0.11,0.14,0.09
2026-06-13T06:45:00Z,1781333100,521,74161,1486773,334572,223,72698,595126,343506,3916,1470,2446,4096,817,0.01,0.07,0.09
2026-06-13T07:00:19Z,1781334019,525,74161,1489949,335491,224,72698,597010,344425,3916,1481,2435,4096,816,0.17,0.13,0.11
2026-06-13T07:15:01Z,1781334901,525,74161,1493337,336373,223,72698,599099,345307,3916,1476,2440,4096,816,0.02,0.02,0.03
2026-06-13T07:30:11Z,1781335811,520,74161,1497030,337283,226,72698,601226,346217,3916,1468,2448,4096,816,0.04,0.03,0.00
2026-06-13T07:45:01Z,1781336701,525,74161,1500710,338173,226,72698,603334,347107,3916,1471,2445,4096,816,0.60,0.21,0.07
2026-06-13T08:00:06Z,1781337606,541,74161,1504265,339078,224,72698,605406,348012,3916,1491,2425,4096,816,0.00,0.04,0.06
2026-06-13T08:15:01Z,1781338501,445,74161,1507950,339973,226,72698,607478,348907,3916,1389,2527,4096,816,0.41,0.13,0.06
2026-06-13T08:30:04Z,1781339404,597,74161,1513634,340876,237,72698,609406,349810,3916,1542,2374,4096,816,0.27,0.17,0.10
2026-06-13T08:45:01Z,1781340301,517,74161,1520308,341773,224,72698,611367,350707,3916,1438,2478,4096,816,0.05,0.07,0.08
2026-06-13T09:00:00Z,1781341200,524,74161,1525457,342671,224,72698,613228,351606,3916,1453,2463,4096,816,0.01,0.04,0.05
2026-06-13T09:15:01Z,1781342101,516,74161,1530627,343573,225,72698,614801,352507,3916,1436,2480,4096,816,0.30,0.13,0.09
2026-06-13T09:30:06Z,1781343006,516,74161,1536436,344478,230,72698,616587,353412,3916,1459,2457,4096,816,0.00,0.01,0.04
2026-06-13T09:45:01Z,1781343901,516,74161,1542004,345372,231,72698,618536,354307,3916,1444,2472,4096,816,0.00,0.06,0.04
2026-06-13T10:00:11Z,1781344811,516,74161,1547871,346283,230,72698,620454,355217,3916,1459,2457,4096,816,0.04,0.02,0.00
2026-06-13T10:15:02Z,1781345702,516,74161,1553462,347174,223,72698,622539,356108,3916,1463,2453,4096,816,0.00,0.01,0.00
2026-06-13T10:30:00Z,1781346600,519,74161,1558968,348072,230,72698,624547,357006,3916,1483,2433,4096,816,0.29,0.19,0.09
2026-06-13T10:45:00Z,1781347500,517,74161,1564573,348971,229,72698,626845,357906,3916,1481,2435,4096,816,0.24,0.12,0.08
2026-06-13T11:00:01Z,1781348401,525,74161,1569474,349873,222,72698,628945,358807,3916,1476,2440,4096,816,0.01,0.02,0.02
2026-06-13T11:15:01Z,1781349301,521,74161,1578387,350773,223,72698,631209,359707,3916,1439,2477,4096,815,0.08,0.12,0.08
2026-06-13T11:30:06Z,1781350206,594,74161,1595493,351677,225,72698,633271,360612,3916,1567,2349,4096,815,0.47,0.37,0.20
2026-06-13T11:45:01Z,1781351101,525,74161,1613961,352573,225,72698,635465,361507,3916,1520,2396,4096,813,0.24,0.22,0.21
2026-06-13T12:00:02Z,1781352002,526,74161,1618813,353474,224,72698,637425,362408,3916,1536,2380,4096,813,0.00,0.07,0.13
2026-06-13T12:15:01Z,1781352901,445,74161,1623626,354373,223,72698,639395,363307,3916,1428,2488,4096,813,0.03,0.09,0.10
2026-06-13T12:30:38Z,1781353838,444,74161,1628303,355310,232,72698,641658,364244,3916,1461,2455,4096,813,0.08,0.07,0.08
2026-06-13T12:45:18Z,1781354718,444,74161,1632626,356190,235,72698,643425,365124,3916,1460,2456,4096,813,0.00,0.06,0.07
2026-06-13T13:00:03Z,1781355603,592,74193,1640277,357074,239,72698,645511,366008,3916,1604,2312,4096,813,0.00,0.04,0.06
2026-06-13T13:15:00Z,1781356500,592,74193,1645330,357972,231,72698,647479,366906,3916,1608,2308,4096,813,0.05,0.04,0.02
2026-06-13T13:30:02Z,1781357402,592,74193,1648628,358873,230,72698,649603,367808,3916,1590,2326,4096,813,0.01,0.06,0.07
2026-06-13T13:45:01Z,1781358301,593,74193,1651180,359773,232,72698,651593,368707,3916,1624,2292,4096,813,0.15,0.07,0.06
2026-06-13T14:00:06Z,1781359206,449,74193,1653938,360678,230,72698,653755,369612,3916,1476,2440,4096,813,0.18,0.14,0.10
2026-06-13T14:15:00Z,1781360100,448,74193,1656514,361572,223,72698,655747,370506,3916,1453,2463,4096,813,0.02,0.02,0.03
2026-06-13T14:30:00Z,1781361000,455,74193,1659416,362472,230,72698,657746,371406,3916,1464,2452,4096,812,0.09,0.23,0.14
2026-06-13T14:45:01Z,1781361901,538,74193,1668526,363373,223,72698,659678,372307,3916,1547,2369,4096,812,0.54,0.28,0.20
2026-06-13T15:00:14Z,1781362814,568,74193,1699083,364286,223,72698,661550,373220,3916,1568,2348,4096,812,0.29,0.39,0.32
2026-06-13T15:15:01Z,1781363701,546,74193,1708400,365173,225,72698,663592,374107,3916,1554,2362,4096,812,0.09,0.16,0.22
2026-06-13T15:30:00Z,1781364600,566,74193,1741609,366072,226,72698,665613,375006,3916,1517,2399,4096,823,0.65,0.72,0.56
2026-06-13T15:45:08Z,1781365508,482,74193,1775723,366980,220,72698,667616,375914,3916,1406,2510,4096,829,0.12,0.49,0.60
2026-06-13T16:00:01Z,1781366401,451,74193,1783202,367873,224,72698,669789,376807,3916,1351,2565,4096,829,0.01,0.11,0.28
2026-06-13T16:15:00Z,1781367300,448,74193,1788202,368772,220,72698,671942,377706,3916,1348,2568,4096,829,0.28,0.12,0.15
2026-06-13T16:30:00Z,1781368200,448,74193,1792648,369672,224,72698,673342,378606,3916,1362,2554,4096,829,0.03,0.02,0.06
2026-06-13T16:45:00Z,1781369100,448,74193,1797146,370572,222,72698,675186,379506,3916,1362,2554,4096,829,0.07,0.15,0.13
2026-06-13T17:00:00Z,1781370000,447,74193,1800953,371472,217,72698,677227,380406,3916,1366,2550,4096,829,0.09,0.22,0.19
2026-06-13T17:15:12Z,1781370912,447,74193,1805056,372384,218,72698,679319,381318,3916,1355,2561,4096,829,0.02,0.09,0.13
2026-06-13T17:30:15Z,1781371815,450,74193,1810851,373287,227,72698,681348,382221,3916,1350,2566,4096,828,0.04,0.05,0.07
2026-06-13T17:45:01Z,1781372701,449,74193,1816756,374173,231,72698,683257,383107,3916,1381,2535,4096,828,0.44,0.25,0.15
2026-06-13T18:00:08Z,1781373608,450,74193,1824109,375080,224,72698,685397,384014,3916,1346,2570,4096,828,0.12,0.12,0.10
2026-06-13T18:15:02Z,1781374502,450,74193,1831724,375974,217,72698,687621,384908,3916,1345,2571,4096,828,0.16,0.15,0.10
2026-06-13T18:30:01Z,1781375401,451,74193,1838397,376873,221,72698,689265,385807,3916,1368,2548,4096,828,0.01,0.05,0.07
2026-06-13T18:45:01Z,1781376301,449,74193,1844921,377773,218,72698,691173,386707,3916,1341,2575,4096,828,0.17,0.09,0.09
2026-06-13T19:00:03Z,1781377203,447,74193,1851639,378675,220,72698,693134,387609,3916,1337,2579,4096,828,0.32,0.24,0.17
2026-06-13T19:15:02Z,1781378102,448,74193,1859090,379574,217,72698,695323,388508,3916,1374,2542,4096,828,0.01,0.16,0.20
2026-06-13T19:30:14Z,1781379014,450,74193,1866958,380486,225,72698,697592,389420,3916,1363,2553,4096,828,0.14,0.08,0.09
2026-06-13T19:45:01Z,1781379901,450,74193,1873078,381373,228,72698,699550,390307,3916,1383,2533,4096,828,0.18,0.08,0.06
2026-06-13T20:00:01Z,1781380801,462,74193,1879665,382273,224,72698,701492,391207,3916,1366,2550,4096,828,0.00,0.04,0.03
2026-06-13T20:15:01Z,1781381701,463,74193,1885433,383173,218,72698,703404,392107,3916,1347,2569,4096,828,0.03,0.06,0.04
2026-06-13T20:30:05Z,1781382605,464,74193,1890983,384077,220,72698,705368,393011,3916,1383,2533,4096,828,0.29,0.20,0.12
2026-06-13T20:45:01Z,1781383501,462,74193,1895988,384973,217,72698,707337,393907,3916,1352,2564,4096,828,0.20,0.17,0.15
2026-06-13T21:00:01Z,1781384401,462,74193,1900413,385873,218,72698,709342,394807,3916,1378,2538,4096,828,0.29,0.15,0.10
2026-06-13T21:15:01Z,1781385301,470,74193,1904716,386773,220,72698,711360,395707,3916,1372,2544,4096,828,0.04,0.16,0.13
2026-06-13T21:30:02Z,1781386202,470,74193,1908264,387674,231,72698,713510,396608,3916,1379,2537,4096,828,0.34,0.22,0.14
2026-06-13T21:45:03Z,1781387103,470,74193,1911521,388575,225,72698,715674,397509,3916,1384,2532,4096,828,0.02,0.03,0.06
2026-06-13T22:00:00Z,1781388000,478,74193,1914316,389472,217,72698,717700,398406,3916,1379,2537,4096,828,0.00,0.07,0.08
2026-06-13T22:15:01Z,1781388901,479,74193,1917207,390373,218,72698,719768,399307,3916,1382,2534,4096,828,0.05,0.05,0.04
2026-06-13T22:30:18Z,1781389818,479,74193,1920251,391290,220,72698,721831,400224,3916,1376,2540,4096,828,0.00,0.01,0.00
2026-06-13T22:45:01Z,1781390701,480,74193,1923448,392173,220,72698,723944,401107,3916,1369,2547,4096,828,0.25,0.10,0.03
2026-06-13T23:00:03Z,1781391603,478,74193,1926406,393075,218,72698,725938,402009,3916,1384,2532,4096,828,0.05,0.20,0.14
2026-06-13T23:15:00Z,1781392500,478,74193,1929300,393971,217,72698,727974,402906,3916,1382,2534,4096,828,0.02,0.07,0.09
2026-06-13T23:30:00Z,1781393400,478,74193,1932406,394872,226,72698,730062,403806,3916,1382,2534,4096,828,0.04,0.06,0.07
2026-06-13T23:45:01Z,1781394301,478,74193,1935368,395773,228,72698,732143,404707,3916,1395,2521,4096,828,0.03,0.08,0.08
2026-06-14T00:00:34Z,1781395234,478,74193,1937789,396706,225,72698,734344,405640,3916,1394,2522,4096,828,0.04,0.10,0.08
2026-06-14T00:15:11Z,1781396111,483,74193,1944782,397582,218,72698,736386,406516,3916,1621,2295,4096,828,0.43,0.26,0.14
2026-06-14T00:30:00Z,1781397000,539,74193,1949913,398472,191,72698,738475,407406,3916,2420,1496,4096,868,0.41,0.35,0.26
2026-06-14T00:45:01Z,1781397901,413,74193,1970699,399373,38,72698,740617,408307,3916,2254,1662,4096,1512,0.48,1.15,0.89
2026-06-14T01:00:04Z,1781398804,405,74193,1973999,400276,56,72698,742694,409210,3916,2293,1623,4096,1481,0.51,0.51,0.60
2026-06-14T01:15:02Z,1781399702,405,74193,1976900,401174,62,72698,744893,410108,3916,2666,1250,4096,1509,1.03,0.99,0.81
2026-06-14T01:30:05Z,1781400605,405,74193,1980075,402077,185,72698,746270,411011,3916,2804,1112,4096,1450,0.39,0.57,0.78
2026-06-14T01:45:01Z,1781401501,410,74193,1983759,402973,187,72698,747184,411907,3916,2226,1690,4096,1477,0.44,0.63,0.66
2026-06-14T02:00:38Z,1781402438,416,74193,1987338,403910,190,72698,748188,412844,3916,2220,1696,4096,1474,0.30,0.31,0.43
2026-06-14T02:15:01Z,1781403301,413,74193,1990887,404773,185,72698,749868,413707,3916,2205,1711,4096,1467,0.28,0.26,0.30
2026-06-14T02:30:06Z,1781404206,413,74193,1994506,405678,189,72698,752002,414612,3916,2218,1698,4096,1461,0.13,0.17,0.22
2026-06-14T02:45:01Z,1781405101,413,74193,1997539,406573,188,72698,754138,415507,3916,2252,1664,4096,1457,0.18,0.17,0.17
2026-06-14T03:00:02Z,1781406002,483,74193,2002460,407474,181,72698,756229,416408,3916,1910,2006,4096,1296,0.26,0.29,0.21
2026-06-14T03:15:00Z,1781406900,427,74193,2007894,408372,181,72698,758340,417306,3916,1525,2391,4096,1174,0.29,0.32,0.25
2026-06-14T03:30:01Z,1781407801,443,74193,2013540,409273,184,72698,760436,418207,3916,1559,2357,4096,1172,0.37,0.20,0.19
2026-06-14T03:45:01Z,1781408701,430,74193,2017862,410173,184,72698,762491,419107,3916,1554,2362,4096,1172,0.25,0.19,0.18
2026-06-14T04:00:01Z,1781409601,429,74193,2021168,411073,182,72698,764590,420007,3916,1526,2390,4096,1170,0.17,0.09,0.10
2026-06-14T04:15:01Z,1781410501,429,74193,2025119,411973,184,72698,766677,420907,3916,1510,2406,4096,1170,0.05,0.13,0.11
2026-06-14T04:30:38Z,1781411438,429,74193,2029469,412910,184,72698,769002,421844,3916,1515,2401,4096,1170,0.40,0.48,0.32
2026-06-14T04:45:01Z,1781412301,429,74193,2033415,413773,184,72698,771104,422707,3916,1517,2399,4096,1170,0.01,0.10,0.19
2026-06-14T05:00:02Z,1781413202,429,74193,2037526,414674,182,72698,773236,423608,3916,1523,2393,4096,1170,0.17,0.07,0.10
2026-06-14T05:15:01Z,1781414101,433,74193,2041486,415573,182,72698,775367,424507,3916,1504,2412,4096,1168,0.12,0.09,0.08
2026-06-14T05:30:18Z,1781415018,429,74193,2045624,416490,182,72698,777538,425424,3916,1510,2406,4096,1168,0.33,0.22,0.13
2026-06-14T05:45:01Z,1781415901,429,74193,2049593,417373,182,72698,779636,426307,3916,1511,2405,4096,1168,0.06,0.14,0.13
2026-06-14T06:00:16Z,1781416816,429,74193,2052946,418288,182,72698,781804,427222,3916,1508,2408,4096,1168,0.13,0.08,0.09
2026-06-14T06:15:01Z,1781417701,430,74193,2056876,419173,182,72698,783924,428107,3916,1507,2409,4096,1168,0.05,0.06,0.08
2026-06-14T06:30:18Z,1781418618,430,74193,2060958,420090,189,72698,785254,429024,3916,1517,2399,4096,1167,0.00,0.05,0.07
2026-06-14T06:45:01Z,1781419501,430,74193,2064826,420973,189,72698,786796,429907,3916,1515,2401,4096,1167,0.20,0.15,0.10
2026-06-14T07:00:16Z,1781420416,431,74193,2068925,421888,183,72698,788953,430822,3916,1522,2394,4096,1167,0.31,0.26,0.19
2026-06-14T07:15:02Z,1781421302,430,74193,2072845,422773,185,72698,790993,431707,3916,1511,2405,4096,1167,0.01,0.05,0.09
2026-06-14T07:30:01Z,1781422201,435,74193,2076734,423673,189,72698,793109,432607,3916,1527,2389,4096,1167,0.05,0.10,0.09
2026-06-14T07:45:38Z,1781423138,430,74193,2080725,424610,190,72698,795221,433544,3916,1515,2401,4096,1167,0.21,0.28,0.19
2026-06-14T08:00:08Z,1781424008,431,74193,2084110,425480,189,72698,797247,434414,3916,1526,2390,4096,1167,0.22,0.18,0.18
2026-06-14T08:15:01Z,1781424901,442,74193,2087957,426372,182,72698,799337,435307,3916,1526,2390,4096,1167,0.14,0.31,0.28
2026-06-14T08:30:38Z,1781425838,432,74193,2091966,427310,189,72698,801482,436244,3916,2672,1244,4096,1170,1.28,0.87,0.54
2026-06-14T08:45:03Z,1781426703,349,74193,2095752,428175,188,72698,803519,437109,3916,2417,1499,4096,1346,0.43,0.54,0.56
2026-06-14T09:00:20Z,1781427620,362,74193,2098713,429092,325,72746,806915,438026,3916,2571,1345,4096,1328,0.18,0.23,0.33
2026-06-14T09:15:00Z,1781428500,362,74193,2101774,429972,325,72746,808908,438906,3916,2667,1249,4096,1327,0.36,0.45,0.42
2026-06-14T09:30:02Z,1781429402,372,74193,2105118,430874,344,72746,809613,439808,3916,2183,1733,4096,1248,0.26,0.43,0.43
2026-06-14T09:45:03Z,1781430303,368,74193,2108733,431774,344,72746,810292,440709,3916,2315,1601,4096,1247,0.96,1.07,0.80
2026-06-14T10:00:01Z,1781431201,371,74193,2112241,432673,236,72778,811643,441607,3916,2197,1719,4096,1246,0.29,0.56,0.76
2026-06-14T10:15:00Z,1781432100,351,74193,2116289,433572,226,72778,814083,442506,3916,2213,1703,4096,1263,0.93,0.85,0.78
2026-06-14T10:30:00Z,1781433000,351,74193,2120042,434472,233,72778,816500,443406,3916,2216,1700,4096,1263,0.08,0.33,0.57
2026-06-14T10:45:00Z,1781433900,351,74193,2123817,435371,229,72778,818854,444306,3916,2220,1696,4096,1261,0.22,0.29,0.36
2026-06-14T11:00:00Z,1781434800,353,74193,2127706,436272,223,72778,821260,445206,3916,2245,1671,4096,1260,0.29,0.56,0.54
2026-06-14T11:15:00Z,1781435700,364,74193,2131713,437171,222,72778,823728,446105,3916,2246,1670,4096,1259,0.85,1.01,0.81
2026-06-14T11:30:38Z,1781436638,352,74193,2135623,438110,229,72778,826338,447044,3916,2293,1623,4096,1260,0.79,1.20,1.02
2026-06-14T11:45:02Z,1781437502,319,74193,2139404,438974,212,72778,828704,447908,3916,2852,1064,4096,1392,1.84,1.66,1.30
2026-06-14T12:00:01Z,1781438401,178,74193,2142701,439873,161,72778,831093,448807,3916,2258,1658,4096,2010,0.43,0.80,0.90
2026-06-14T12:15:02Z,1781439302,433,74225,2156716,440773,171,72778,833466,449707,3916,2455,1461,4096,1893,0.29,0.43,0.71
2026-06-14T12:30:00Z,1781440200,421,74225,2160239,441672,187,72778,834963,450606,3916,2474,1442,4096,1891,0.06,0.07,0.30
2026-06-14T12:45:19Z,1781441119,428,74225,2163790,442591,181,72778,837271,451525,3916,2567,1349,4096,1845,0.27,0.18,0.20
2026-06-14T13:00:00Z,1781442000,422,74225,2167346,443472,180,72778,839578,452406,3916,2544,1372,4096,1844,0.08,0.10,0.13
2026-06-14T13:15:01Z,1781442901,421,74225,2170892,444372,183,72778,841969,453307,3916,2531,1385,4096,1844,0.10,0.12,0.10
2026-06-14T13:30:03Z,1781443803,421,74225,2173979,445275,181,72778,843551,454209,3916,2555,1361,4096,1843,0.16,0.11,0.09
2026-06-14T13:45:04Z,1781444704,421,74225,2177271,446176,181,72778,845909,455110,3916,2548,1368,4096,1843,0.30,0.20,0.17
2026-06-14T14:00:08Z,1781445608,421,74225,2180394,447080,184,72778,848222,456014,3916,2540,1376,4096,1842,0.10,0.18,0.16
2026-06-14T14:15:01Z,1781446501,421,74225,2183484,447973,190,72778,850502,456907,3916,2556,1360,4096,1841,0.59,0.34,0.24
2026-06-14T14:30:02Z,1781447402,421,74225,2186635,448873,183,72778,852835,457807,3916,2548,1368,4096,1840,0.09,0.08,0.14
2026-06-14T14:45:01Z,1781448301,423,74225,2189794,449773,185,72778,855182,458707,3916,2565,1351,4096,1838,0.10,0.23,0.18
2026-06-14T15:00:06Z,1781449206,466,74225,2196908,450678,187,72778,857489,459612,3916,2624,1292,4096,1835,0.30,0.20,0.13
2026-06-14T15:15:01Z,1781450101,449,74225,2218280,451573,192,72778,859911,460507,3916,2597,1319,4096,1834,0.55,0.52,0.37
2026-06-14T15:30:01Z,1781451001,436,74225,2237571,452473,187,72778,862378,461407,3916,2554,1362,4096,1831,0.19,0.41,0.46
2026-06-14T15:45:01Z,1781451901,437,74225,2241937,453373,187,72778,864684,462307,3916,2578,1338,4096,1829,0.04,0.15,0.28
2026-06-14T16:00:01Z,1781452801,437,74225,2245112,454273,186,72778,867043,463207,3916,2567,1349,4096,1829,0.15,0.09,0.16
2026-06-14T16:15:01Z,1781453701,437,74225,2249038,455173,185,72778,869420,464107,3916,2572,1344,4096,1829,0.14,0.22,0.17
2026-06-14T16:30:02Z,1781454602,437,74225,2253436,456074,186,72778,871757,465008,3916,2562,1354,4096,1829,0.10,0.10,0.09
2026-06-14T16:45:01Z,1781455501,438,74225,2257441,456973,187,72778,874058,465907,3916,2569,1347,4096,1829,0.07,0.16,0.12
2026-06-14T17:00:00Z,1781456400,436,74225,2260893,457872,187,72778,876404,466806,3916,2582,1334,4096,1827,0.11,0.18,0.17
2026-06-14T17:15:01Z,1781457301,437,74225,2264306,458773,186,72778,878728,467707,3916,2556,1360,4096,1827,0.14,0.17,0.17
2026-06-14T17:30:02Z,1781458202,437,74225,2267638,459674,188,72778,881115,468608,3916,2568,1348,4096,1827,0.22,0.26,0.24
2026-06-14T17:45:01Z,1781459101,441,74225,2270959,460573,188,72778,883507,469507,3916,2580,1336,4096,1827,0.17,0.19,0.19
2026-06-14T18:00:07Z,1781460007,437,74225,2273639,461479,187,72778,885877,470413,3916,2586,1330,4096,1827,0.38,0.25,0.20
2026-06-14T18:15:01Z,1781460901,437,74225,2276804,462373,190,72778,888159,471307,3916,2588,1328,4096,1827,0.49,0.23,0.19
2026-06-14T18:30:02Z,1781461802,437,74225,2280197,463273,192,72778,890554,472208,3916,2574,1342,4096,1827,0.59,0.46,0.38
2026-06-14T18:45:01Z,1781462701,437,74225,2283355,464173,188,72778,892897,473107,3916,2566,1350,4096,1827,0.06,0.16,0.28
2026-06-14T19:00:08Z,1781463608,437,74225,2286162,465080,187,72778,895206,474014,3916,2570,1346,4096,1827,0.11,0.16,0.21
2026-06-14T19:15:01Z,1781464501,438,74225,2289351,465973,187,72778,897556,474907,3916,2571,1345,4096,1827,0.17,0.23,0.20
2026-06-14T19:30:00Z,1781465400,440,74225,2292434,466872,194,72778,899917,475806,3916,2575,1341,4096,1827,0.11,0.12,0.15
2026-06-14T19:45:00Z,1781466300,438,74225,2295652,467772,187,72778,902260,476706,3916,2593,1323,4096,1827,1.10,0.66,0.43
2026-06-14T20:00:03Z,1781467203,438,74225,2298845,468675,188,72778,904608,477609,3916,2587,1329,4096,1827,0.21,0.26,0.31
2026-06-14T20:15:01Z,1781468101,437,74225,2302191,469573,187,72778,906947,478507,3916,2577,1339,4096,1826,0.13,0.15,0.19
2026-06-14T20:30:00Z,1781469000,445,74225,2305612,470472,187,72778,909302,479406,3916,2600,1316,4096,1826,0.11,0.17,0.17
2026-06-14T20:45:01Z,1781469901,438,74225,2308710,471373,187,72778,911651,480307,3916,2578,1338,4096,1826,0.24,0.22,0.19
2026-06-14T21:00:00Z,1781470800,437,74225,2311960,472272,188,72778,913958,481206,3916,2592,1324,4096,1826,0.35,0.28,0.22
2026-06-14T21:15:01Z,1781471701,451,74225,2317657,473173,186,72778,916297,482107,3916,2606,1310,4096,1818,0.13,0.18,0.21
2026-06-14T21:30:38Z,1781472638,451,74225,2320992,474110,198,72778,918789,483044,3916,2631,1285,4096,1818,0.18,0.24,0.20
2026-06-14T21:45:01Z,1781473501,451,74225,2324054,474973,190,72778,921067,483907,3916,2623,1293,4096,1818,0.44,0.32,0.23
2026-06-14T22:00:04Z,1781474404,452,74225,2327387,475876,184,72778,923435,484810,3916,2598,1318,4096,1818,0.20,0.17,0.19
2026-06-14T22:15:01Z,1781475301,452,74225,2330470,476773,187,72778,925721,485707,3916,2591,1325,4096,1818,0.08,0.14,0.16
2026-06-14T22:30:38Z,1781476238,451,74225,2333921,477710,183,72778,928217,486644,3916,2613,1303,4096,1818,0.75,0.43,0.24
2026-06-14T22:45:05Z,1781477105,455,74225,2336901,478576,184,72778,930430,487510,3916,2627,1289,4096,1818,0.13,0.20,0.18
2026-06-14T23:00:28Z,1781478028,452,74225,2340287,479500,183,72778,932823,488434,3916,2603,1313,4096,1818,0.09,0.08,0.10
2026-06-14T23:15:03Z,1781478903,452,74225,2343291,480374,185,72778,935020,489309,3916,2625,1291,4096,1818,0.04,0.06,0.08
2026-06-14T23:30:09Z,1781479809,453,74225,2346383,481281,183,72778,937358,490215,3916,2616,1300,4096,1818,0.10,0.08,0.08
2026-06-14T23:45:01Z,1781480701,452,74225,2349539,482173,181,72778,939627,491107,3916,2584,1332,4096,1818,0.06,0.10,0.11
2026-06-15T00:00:02Z,1781481602,454,74225,2351795,483074,181,72778,941917,492008,3916,2579,1337,4096,1818,0.21,0.16,0.11
2026-06-15T00:15:02Z,1781482502,453,74225,2354883,483974,182,72778,944230,492908,3916,2558,1358,4096,1818,0.55,0.47,0.28
2026-06-15T00:30:01Z,1781483401,452,74225,2358389,484873,188,72778,946590,493807,3916,2585,1331,4096,1818,0.01,0.07,0.14
2026-06-15T00:45:02Z,1781484302,452,74225,2361927,485773,181,72778,948924,494708,3916,2560,1356,4096,1818,0.08,0.12,0.15
2026-06-15T01:00:12Z,1781485212,451,74225,2364547,486684,181,72778,951316,495618,3916,3024,892,4096,1885,0.90,0.43,0.21
2026-06-15T01:15:01Z,1781486101,455,74225,2368383,487573,178,72778,953714,496507,3916,2123,1793,4096,2365,0.27,0.29,0.23
2026-06-15T01:30:18Z,1781487018,447,74225,2372878,488490,178,72778,956278,497424,3916,2136,1780,4096,2364,0.16,0.17,0.17
2026-06-15T01:45:01Z,1781487901,454,74225,2376091,489373,178,72778,958720,498307,3916,2276,1640,4096,2158,0.16,0.17,0.18
2026-06-15T02:00:11Z,1781488811,450,74225,2378414,490283,179,72778,961229,499217,3916,2274,1642,4096,2158,0.01,0.07,0.12
2026-06-15T02:15:01Z,1781489701,448,74225,2381133,491173,178,72778,963661,500107,3916,2905,1011,4096,2157,0.08,0.15,0.16
2026-06-15T02:30:07Z,1781490607,450,74225,2384556,492079,181,72778,966142,501013,3916,2934,982,4096,2157,0.68,0.52,0.33
2026-06-15T02:45:01Z,1781491501,450,74225,2387817,492973,181,72778,968599,501907,3916,2941,975,4096,2156,0.23,0.20,0.22
2026-06-15T03:00:20Z,1781492420,447,74225,2390562,493892,179,72778,971064,502826,3916,2936,980,4096,2155,0.32,0.25,0.19
2026-06-15T03:15:01Z,1781493301,448,74225,2393956,494773,182,72778,973511,503707,3916,2266,1650,4096,2149,0.36,0.21,0.19
2026-06-15T03:30:08Z,1781494208,468,74225,2403098,495680,193,72778,976022,504614,3916,2297,1619,4096,2150,0.35,0.34,0.24
2026-06-15T03:45:00Z,1781495100,459,74225,2410087,496572,178,72778,978498,505506,3916,2239,1677,4096,2149,0.22,0.39,0.32
2026-06-15T04:00:01Z,1781496001,459,74225,2413019,497473,179,72778,980904,506407,3916,2231,1685,4096,2149,0.18,0.18,0.22
2026-06-15T04:15:01Z,1781496901,459,74225,2416417,498373,181,72778,983312,507307,3916,2226,1690,4096,2149,0.27,0.25,0.25
2026-06-15T04:30:03Z,1781497803,460,74225,2420283,499275,183,72778,985805,508209,3916,2243,1673,4096,2148,0.69,0.49,0.35
2026-06-15T04:45:01Z,1781498701,459,74225,2424226,500173,178,72778,988212,509107,3916,2256,1660,4096,2148,0.67,0.51,0.42
2026-06-15T05:00:15Z,1781499615,460,74225,2427354,501087,178,72778,990629,510021,3916,2258,1658,4096,2147,0.22,0.31,0.35
2026-06-15T05:15:01Z,1781500502,459,74225,2431155,501973,179,72778,992927,510907,3916,2232,1684,4096,2147,0.10,0.19,0.25
2026-06-15T05:30:07Z,1781501407,549,74225,2435457,502879,190,72778,995307,511813,3916,2346,1570,4096,2140,0.48,0.28,0.23
2026-06-15T05:45:00Z,1781502300,545,74225,2439784,503771,186,72778,997713,512705,3916,2323,1593,4096,2140,0.38,0.35,0.32
2026-06-15T06:00:00Z,1781503200,594,74360,2444967,504672,179,72778,1000141,513606,3916,2528,1388,4096,2053,0.34,0.27,0.26
2026-06-15T06:15:00Z,1781504100,655,74360,2453700,505572,180,72778,1002544,514506,3916,2937,979,4096,2049,0.77,0.43,0.35
2026-06-15T06:30:08Z,1781505008,631,74360,2470380,506480,190,72778,1004995,515414,3916,2564,1352,4096,2072,0.51,0.60,0.55
2026-06-15T06:45:01Z,1781505901,601,74360,2481041,507373,185,72778,1007370,516307,3916,2889,1027,4096,2071,0.68,0.40,0.41
2026-06-15T07:00:38Z,1781506838,594,74360,2492877,508310,177,72778,1009904,517244,3916,2765,1151,4096,2085,0.16,0.23,0.34
2026-06-15T07:15:01Z,1781507701,589,74360,2503305,509173,178,72778,1012219,518107,3916,2720,1196,4096,2087,0.44,0.48,0.36
2026-06-15T07:30:02Z,1781508602,586,74360,2508238,510074,180,72778,1014688,519008,3916,2275,1641,4096,2087,0.15,0.26,0.30
2026-06-15T07:45:01Z,1781509501,523,74360,2513041,510973,181,72778,1017086,519907,3916,2247,1669,4096,2085,0.62,0.48,0.37
2026-06-15T08:00:01Z,1781510401,523,74360,2515607,511873,178,72778,1019528,520807,3916,2212,1704,4096,2084,0.25,0.21,0.26
2026-06-15T08:15:01Z,1781511301,523,74360,2519716,512773,177,72778,1022025,521707,3916,2211,1705,4096,2084,0.19,0.24,0.22
2026-06-15T08:30:08Z,1781512208,624,74360,2534673,513680,185,72778,1024411,522614,3916,2322,1594,4096,2073,0.13,0.17,0.18
2026-06-15T08:45:18Z,1781513118,623,74360,2564267,514590,189,72778,1026714,523524,3916,2370,1546,4096,2071,0.45,0.52,0.38
2026-06-15T09:00:01Z,1781514001,691,74392,2598026,515473,185,72778,1028954,524407,3916,2396,1520,4096,2068,0.31,0.46,0.48
2026-06-15T09:15:01Z,1781514901,612,74392,2607207,516372,177,72778,1031361,525307,3916,2338,1578,4096,2063,0.08,0.30,0.41
2026-06-15T09:30:01Z,1781515801,550,74392,2610360,517272,185,72778,1033792,526206,3916,2287,1629,4096,2063,0.20,0.12,0.21
2026-06-15T09:45:01Z,1781516701,551,74392,2614848,518173,188,72778,1036241,527107,3916,2279,1637,4096,2063,0.03,0.11,0.16
2026-06-15T10:00:06Z,1781517606,550,74392,2629881,519078,193,72778,1038728,528012,3916,2301,1615,4096,2062,0.17,0.30,0.22
2026-06-15T10:15:01Z,1781518501,547,74392,2631765,519973,185,72778,1041183,528907,3916,2296,1620,4096,2061,0.45,0.23,0.19
2026-06-15T10:30:37Z,1781519437,547,74392,2634376,520909,184,72778,1043786,529843,3916,2270,1646,4096,2061,0.19,0.18,0.17
2026-06-15T10:45:12Z,1781520312,547,74392,2637548,521783,178,72778,1046158,530718,3916,2275,1641,4096,2061,0.82,0.46,0.30
2026-06-15T11:00:00Z,1781521200,546,74392,2640286,522671,180,72778,1048542,531606,3916,2274,1642,4096,2061,0.38,0.30,0.28
2026-06-15T11:15:03Z,1781522103,546,74392,2643363,523575,178,72778,1050943,532509,3916,2255,1661,4096,2061,0.07,0.11,0.17
2026-06-15T11:30:15Z,1781523015,547,74392,2647161,524487,180,72778,1053425,533421,3916,2269,1647,4096,2060,0.03,0.06,0.09
2026-06-15T11:45:01Z,1781523901,634,74392,2650604,525373,219,72778,1057006,534307,3916,1966,1950,4096,1655,0.29,0.16,0.11
2026-06-15T12:00:38Z,1781524838,608,74392,2656780,526310,210,72778,1059773,535244,3916,2630,1286,4096,1665,0.61,0.63,0.42
2026-06-15T12:15:01Z,1781525701,615,74392,2669704,527173,207,72778,1062504,536107,3916,2791,1125,4096,1661,0.62,0.90,0.71
2026-06-15T12:30:09Z,1781526609,612,74392,2672450,528080,213,72778,1065214,537015,3916,2820,1096,4096,1661,0.46,0.56,0.60
2026-06-15T12:45:01Z,1781527501,612,74392,2675865,528973,213,72778,1067702,537907,3916,2826,1090,4096,1660,1.50,1.12,0.82
2026-06-15T13:00:02Z,1781528402,616,74392,2685298,529874,211,72778,1070184,538808,3916,2815,1101,4096,1660,0.42,0.75,0.85
2026-06-15T13:15:02Z,1781529302,552,74392,2690820,530774,270,72778,1072426,539708,3916,2781,1135,4096,1663,0.22,0.64,0.75
2026-06-15T13:30:02Z,1781530202,594,74392,2701283,531674,223,72778,1074833,540608,3916,2779,1137,4096,1662,1.15,0.85,0.73
2026-06-15T13:45:00Z,1781531100,607,74392,2731031,532572,212,72778,1077140,541506,3916,2723,1193,4096,1661,1.44,1.05,0.89
2026-06-15T14:00:00Z,1781532000,556,74392,2742638,533472,214,72778,1079307,542406,3916,1577,2339,4096,1225,0.55,0.65,0.78
2026-06-15T14:15:01Z,1781532901,553,74392,2745741,534373,212,72778,1080992,543307,3916,1562,2354,4096,1225,0.51,0.47,0.56
2026-06-15T14:30:28Z,1781533828,555,74392,2748945,535300,215,72778,1083469,544234,3916,1567,2349,4096,1225,0.41,0.46,0.51
2026-06-15T14:45:01Z,1781534701,553,74392,2751873,536173,214,72778,1085755,545107,3916,1578,2338,4096,1224,0.43,0.48,0.48
2026-06-15T15:00:00Z,1781535600,554,74392,2755306,537071,213,72778,1088036,546006,3916,1582,2334,4096,1224,0.16,0.34,0.42
2026-06-15T15:15:01Z,1781536501,553,74392,2759211,537973,212,72778,1090387,546907,3916,1555,2361,4096,1224,0.35,0.36,0.40
2026-06-15T15:30:01Z,1781537401,553,74392,2763225,538873,214,72778,1092718,547807,3916,1561,2355,4096,1224,0.31,0.36,0.36
2026-06-15T15:45:01Z,1781538301,555,74418,2787434,539773,214,72778,1095059,548707,3916,1609,2307,4096,1223,0.48,0.68,0.64
2026-06-15T16:00:38Z,1781539238,555,74418,2791982,540710,214,72778,1097506,549644,3916,1608,2308,4096,1223,0.57,0.49,0.54
2026-06-15T16:15:01Z,1781540101,554,74418,2796245,541573,219,72778,1099797,550507,3916,1609,2307,4096,1223,1.24,0.72,0.61
2026-06-15T16:30:03Z,1781541003,554,74418,2800457,542475,213,72778,1102163,551409,3916,1605,2311,4096,1223,0.34,0.41,0.49
2026-06-15T16:45:00Z,1781541900,554,74418,2804107,543372,212,72778,1104504,552306,3916,1615,2301,4096,1223,0.27,0.34,0.41
2026-06-15T17:00:08Z,1781542808,554,74418,2806725,544280,213,72778,1106909,553214,3916,1609,2307,4096,1223,0.39,0.38,0.37
2026-06-15T17:15:01Z,1781543701,558,74418,2809485,545173,213,72778,1109208,554107,3916,1622,2294,4096,1223,0.42,0.52,0.45
2026-06-15T17:30:13Z,1781544613,554,74418,2814043,546084,218,72778,1110786,555018,3916,1633,2283,4096,1223,0.23,0.33,0.42
2026-06-15T17:45:01Z,1781545501,554,74418,2818830,546973,213,72778,1112908,555907,3916,1624,2292,4096,1223,0.46,0.48,0.44
2026-06-15T18:00:38Z,1781546438,554,74418,2823925,547910,217,72778,1115228,556844,3916,1624,2292,4096,1223,0.22,0.36,0.42
2026-06-15T18:15:01Z,1781547301,554,74418,2829133,548773,222,72778,1117466,557707,3916,1637,2279,4096,1223,0.59,0.46,0.43
2026-06-15T18:30:28Z,1781548228,555,74418,2834593,549700,214,72778,1119863,558634,3916,1628,2288,4096,1223,0.52,0.47,0.46
2026-06-15T18:45:38Z,1781549138,555,74418,2839894,550610,213,72778,1122182,559544,3916,1625,2291,4096,1223,0.51,0.48,0.51
2026-06-15T19:00:02Z,1781550002,555,74418,2845134,551474,216,72778,1124421,560408,3916,1627,2289,4096,1223,1.85,0.84,0.60
2026-06-15T19:15:28Z,1781550928,554,74418,2850754,552400,221,72778,1126850,561334,3916,1633,2283,4096,1223,0.28,0.48,0.59
2026-06-15T19:30:38Z,1781551838,554,74418,2856148,553310,235,72778,1129213,562244,3916,1649,2267,4096,1223,0.32,0.39,0.47
2026-06-15T19:45:01Z,1781552701,554,74418,2861006,554173,222,72778,1131440,563107,3916,1634,2282,4096,1222,0.39,0.35,0.38
2026-06-15T20:00:00Z,1781553600,555,74418,2865475,555072,214,72778,1133756,564006,3916,1625,2291,4096,1222,0.49,0.39,0.37
2026-06-15T20:15:04Z,1781554504,556,74418,2869495,555975,214,72778,1136077,564910,3916,1624,2292,4096,1222,0.46,0.62,0.51
2026-06-15T20:30:06Z,1781555406,557,74418,2873795,556878,213,72778,1138381,565812,3916,1633,2283,4096,1222,0.62,0.76,0.63
2026-06-15T20:45:01Z,1781556301,555,74418,2878139,557773,216,72778,1140678,566707,3916,1634,2282,4096,1222,0.35,0.47,0.56
2026-06-15T21:00:01Z,1781557201,557,74418,2882593,558673,214,72778,1142939,567607,3916,1630,2286,4096,1222,0.62,0.50,0.50
2026-06-15T21:15:01Z,1781558101,555,74418,2885049,559573,213,72778,1145232,568507,3916,1646,2270,4096,1222,0.21,0.29,0.36
2026-06-15T21:30:01Z,1781559001,557,74418,2888523,560473,215,72778,1147528,569407,3916,1659,2257,4096,1222,0.58,0.48,0.43
2026-06-15T21:45:05Z,1781559905,555,74418,2892515,561377,215,72778,1149879,570311,3916,1658,2258,4096,1222,0.76,0.67,0.57
2026-06-15T22:00:02Z,1781560802,558,74418,2896721,562274,214,72778,1152091,571208,3916,1644,2272,4096,1222,0.45,0.39,0.45
2026-06-15T22:15:01Z,1781561701,555,74418,2901029,563173,218,72778,1154374,572107,3916,1638,2278,4096,1222,0.47,0.46,0.45
2026-06-15T22:30:00Z,1781562600,555,74418,2904953,564072,215,72778,1156721,573006,3916,1636,2280,4096,1222,0.68,0.58,0.51
2026-06-15T22:45:02Z,1781563502,556,74418,2908918,564974,215,72778,1158992,573908,3916,1627,2289,4096,1222,0.73,0.54,0.49
2026-06-15T23:00:00Z,1781564400,558,74418,2913208,565872,213,72778,1161251,574806,3916,1626,2290,4096,1222,0.21,0.40,0.44
2026-06-15T23:15:02Z,1781565302,558,74418,2917401,566774,214,72778,1163506,575708,3916,1652,2264,4096,1222,0.29,0.46,0.52
2026-06-15T23:30:38Z,1781566238,556,74418,2920738,567710,218,72778,1165043,576644,3916,1636,2280,4096,1222,0.49,0.41,0.44
2026-06-15T23:45:01Z,1781567101,556,74418,2922481,568573,220,72778,1166128,577507,3916,1636,2280,4096,1222,0.86,0.85,0.65
2026-06-16T00:00:03Z,1781568003,558,74418,2925871,569475,217,72778,1167607,578409,3916,1628,2288,4096,1220,0.75,0.62,0.62
2026-06-16T00:15:00Z,1781568900,564,74418,2934169,570371,214,72778,1169836,579306,3916,1597,2319,4096,1217,0.47,0.54,0.56
2026-06-16T00:30:03Z,1781569803,564,74418,2938602,571274,218,72778,1172154,580209,3916,1618,2298,4096,1216,0.45,0.51,0.54
2026-06-16T00:45:00Z,1781570700,565,74418,2943502,572172,269,72778,1174550,581106,3916,1658,2258,4096,1216,0.44,0.64,0.61
2026-06-16T01:00:17Z,1781571618,562,74418,2947518,573089,214,72778,1177410,582023,3916,1617,2299,4096,1216,0.94,0.83,0.71
2026-06-16T01:15:00Z,1781572500,637,74418,2952684,573972,215,72778,1180090,582906,3916,1705,2211,4096,1216,0.77,0.70,0.70
2026-06-16T01:30:08Z,1781573408,649,74418,2970860,574880,216,72778,1182907,583814,3916,1787,2129,4096,1216,0.98,0.89,0.85
2026-06-16T01:45:03Z,1781574303,635,74418,2989217,575775,207,72778,1185773,584709,3916,2455,1461,4096,1231,0.80,1.05,0.98
2026-06-16T02:00:01Z,1781575201,635,74418,2993415,576673,205,72778,1188707,585607,3916,2433,1483,4096,1231,0.59,0.71,0.86
2026-06-16T02:15:01Z,1781576101,641,74418,3001125,577573,202,72778,1191605,586507,3916,2769,1147,4096,1238,1.05,1.04,0.98
2026-06-16T02:30:07Z,1781577007,656,74418,3025019,578479,208,72778,1193695,587413,3916,1807,2109,4096,1238,0.74,1.06,1.07
2026-06-16T02:45:01Z,1781577901,732,74450,3037912,579373,208,72778,1195496,588307,3916,1903,2013,4096,1237,0.89,0.77,0.87
2026-06-16T03:00:02Z,1781578802,645,74450,3053171,580274,201,72778,1198020,589208,3916,1807,2109,4096,1236,0.33,0.72,0.91
2026-06-16T03:15:02Z,1781579702,649,74450,3065822,581174,203,72778,1200426,590108,3916,1830,2086,4096,1236,0.64,0.77,0.82
2026-06-16T03:30:11Z,1781580611,647,74450,3078401,582083,206,72778,1202164,591017,3916,1818,2098,4096,1236,0.65,0.67,0.74
2026-06-16T03:45:01Z,1781581501,652,74450,3091397,582973,206,72778,1203551,591907,3916,1821,2095,4096,1236,1.05,0.71,0.70
2026-06-16T04:00:01Z,1781582401,649,74450,3103784,583873,201,72778,1205832,592807,3916,1808,2108,4096,1236,0.90,0.85,0.78
2026-06-16T04:15:01Z,1781583301,647,74450,3116113,584773,203,72778,1208011,593707,3916,1815,2101,4096,1235,0.61,0.80,0.77
2026-06-16T04:30:11Z,1781584211,648,74450,3128940,585683,202,72778,1210272,594617,3916,1820,2096,4096,1235,0.65,0.62,0.69
2026-06-16T04:45:08Z,1781585108,653,74450,3142055,586580,202,72778,1212516,595514,3916,1817,2099,4096,1235,0.46,0.69,0.70
2026-06-16T05:00:01Z,1781586001,650,74450,3156198,587473,202,72778,1214715,596407,3916,1824,2092,4096,1235,0.58,0.77,0.75
2026-06-16T05:15:01Z,1781586901,646,74450,3167127,588373,203,72778,1216875,597307,3916,1802,2114,4096,1235,0.67,0.62,0.68
2026-06-16T05:30:06Z,1781587806,649,74450,3177861,589278,206,72778,1219104,598212,3916,1802,2114,4096,1235,0.73,0.69,0.76
2026-06-16T05:45:02Z,1781588702,648,74450,3195985,590173,206,72778,1221262,599107,3916,1821,2095,4096,1234,1.01,0.82,0.75
2026-06-16T06:00:38Z,1781589638,649,74450,3210699,591110,202,72778,1223511,600044,3916,1762,2154,4096,1233,0.53,0.69,0.76
2026-06-16T06:15:01Z,1781590501,652,74450,3231471,591973,202,72778,1225667,600907,3916,1797,2119,4096,1233,0.87,0.77,0.79
2026-06-16T06:30:16Z,1781591416,655,74450,3244999,592888,208,72778,1227975,601822,3916,1814,2102,4096,1233,0.44,0.56,0.63
2026-06-16T06:45:01Z,1781592301,653,74450,3257868,593773,203,72778,1230152,602707,3916,1819,2097,4096,1232,1.64,1.04,0.82
2026-06-16T07:00:00Z,1781593200,652,74450,3270150,594672,207,72778,1232349,603606,3916,1842,2074,4096,1232,0.74,0.77,0.80
2026-06-16T07:15:01Z,1781594101,651,74450,3282085,595573,202,72778,1234573,604507,3916,1803,2113,4096,1232,0.64,0.61,0.70
2026-06-16T07:30:01Z,1781595001,724,74450,3301975,596473,204,72778,1236785,605407,3916,1869,2047,4096,1232,1.00,0.86,0.79
2026-06-16T07:45:00Z,1781595900,656,74450,3344956,597372,201,72778,1238894,606306,3916,1818,2098,4096,1232,0.75,1.28,1.12
2026-06-16T08:00:15Z,1781596815,654,74450,3357141,598287,203,72778,1241093,607221,3916,1825,2091,4096,1232,0.63,0.61,0.77
2026-06-16T08:15:04Z,1781597704,655,74450,3372421,599176,207,72778,1243279,608110,3916,1824,2092,4096,1232,0.97,0.82,0.76
2026-06-16T08:30:10Z,1781598610,655,74450,3384087,600082,205,72778,1245505,609016,3916,1823,2093,4096,1232,0.62,0.72,0.72
2026-06-16T08:45:01Z,1781599501,655,74450,3398584,600973,204,72778,1247651,609907,3916,1828,2088,4096,1232,0.49,0.47,0.56
2026-06-16T09:00:01Z,1781600401,656,74450,3410630,601873,205,72778,1249820,610807,3916,1807,2109,4096,1231,0.96,0.74,0.66
2026-06-16T09:15:00Z,1781601300,655,74450,3423676,602772,211,72778,1252047,611706,3916,1822,2094,4096,1231,1.08,0.84,0.74
2026-06-16T09:30:01Z,1781602201,654,74450,3442752,603673,222,72778,1253712,612607,3916,1794,2122,4096,1231,0.50,0.76,0.82
2026-06-16T09:45:01Z,1781603101,654,74450,3455865,604573,207,72778,1255498,613507,3916,1787,2129,4096,1231,0.52,0.66,0.72
2026-06-16T10:00:06Z,1781604006,655,74450,3468474,605478,204,72778,1257674,614412,3916,1794,2122,4096,1231,0.55,0.60,0.64
2026-06-16T10:15:05Z,1781604905,657,74450,3481446,606377,202,72778,1259822,615311,3916,1790,2126,4096,1231,0.80,0.53,0.54
2026-06-16T10:30:06Z,1781605806,656,74450,3494838,607278,202,72778,1261977,616212,3916,1816,2100,4096,1231,0.38,0.58,0.61
2026-06-16T10:45:01Z,1781606701,656,74450,3506884,608173,205,72778,1264032,617107,3916,1800,2116,4096,1231,0.52,0.62,0.63
2026-06-16T11:00:01Z,1781607601,656,74450,3519335,609073,210,72778,1266130,618007,3916,1811,2105,4096,1231,0.62,0.67,0.69
2026-06-16T11:15:03Z,1781608503,656,74450,3531886,609975,203,72778,1268215,618909,3916,1811,2105,4096,1231,0.93,0.83,0.76
2026-06-16T11:30:24Z,1781609424,656,74450,3544477,610896,209,72778,1270373,619830,3916,1822,2094,4096,1231,0.98,0.84,0.81
2026-06-16T11:45:01Z,1781610301,656,74450,3557089,611773,202,72778,1272404,620707,3916,1827,2089,4096,1231,1.00,0.89,0.82
2026-06-16T12:00:04Z,1781611204,656,74450,3569806,612676,204,72778,1274455,621610,3916,1849,2067,4096,1231,0.55,0.75,0.80
2026-06-16T12:15:02Z,1781612102,654,74450,3582383,613574,209,72778,1276545,622508,3916,1823,2093,4096,1231,0.68,0.76,0.77
2026-06-16T12:30:08Z,1781613008,625,74450,3595534,614480,200,72778,1278800,623414,3916,2664,1252,4096,1271,1.36,1.27,1.22
2026-06-16T12:45:01Z,1781613901,625,74450,3608568,615373,201,72778,1280931,624307,3916,2682,1234,4096,1271,0.76,1.05,1.12
2026-06-16T13:00:38Z,1781614838,629,74450,3621802,616310,200,72778,1283195,625244,3916,2714,1202,4096,1271,1.61,1.45,1.25
2026-06-16T13:15:00Z,1781615700,621,74450,3633558,617172,187,72778,1285245,626106,3916,2724,1192,4096,1277,2.01,1.36,1.17
2026-06-16T13:30:00Z,1781616600,622,74450,3646641,618072,190,72778,1287513,627006,3916,2731,1185,4096,1277,1.36,1.56,1.36
2026-06-16T13:45:01Z,1781617501,638,74450,3659562,618973,185,72778,1289639,627907,3916,2770,1146,4096,1277,1.00,1.38,1.37
2026-06-16T14:00:23Z,1781618423,622,74450,3672804,619894,188,72778,1291844,628829,3916,2770,1146,4096,1278,1.54,1.14,1.18
2026-06-16T14:15:03Z,1781619303,622,74584,3685713,620775,195,72778,1293990,629709,3916,2695,1221,4096,1278,1.14,1.13,1.17
2026-06-16T14:30:01Z,1781620201,621,74584,3697884,621673,189,72778,1295944,630607,3916,2653,1263,4096,1278,1.03,1.16,1.15
2026-06-16T14:45:00Z,1781621100,623,74584,3709226,622572,183,72778,1298031,631506,3916,2670,1246,4096,1278,1.20,1.23,1.18
2026-06-16T15:00:30Z,1781622030,623,74584,3721902,623502,184,72778,1300206,632436,3916,2716,1200,4096,1278,0.91,1.11,1.23
2026-06-16T15:15:18Z,1781622918,623,74584,3734605,624390,189,72778,1302270,633324,3916,2677,1239,4096,1278,1.37,1.08,1.10
2026-06-16T15:30:01Z,1781623801,622,74584,3748283,625273,185,72778,1304373,634207,3916,2689,1227,4096,1278,0.95,1.10,1.04
2026-06-16T15:45:02Z,1781624702,624,74584,3761724,626174,185,72778,1306489,635108,3916,2712,1204,4096,1277,0.84,0.89,0.93
2026-06-16T16:00:00Z,1781625600,622,74584,3774383,627072,186,72778,1308570,636006,3916,2713,1203,4096,1277,1.05,1.06,0.97
2026-06-16T16:15:00Z,1781626500,625,74584,3787631,627972,191,72778,1310708,636906,3916,2710,1206,4096,1277,0.86,0.85,0.91
2026-06-16T16:30:00Z,1781627400,622,74584,3801310,628872,205,72778,1312836,637806,3916,2725,1191,4096,1277,0.72,1.04,0.98
2026-06-16T16:45:02Z,1781628302,624,74584,3815161,629774,191,72778,1315003,638708,3916,2698,1218,4096,1277,0.98,0.96,0.97
2026-06-16T17:00:00Z,1781629200,625,74584,3828407,630672,184,72778,1317090,639606,3916,2679,1237,4096,1277,1.42,1.28,1.08
2026-06-16T17:15:02Z,1781630102,624,74584,3841533,631574,187,72778,1319175,640508,3916,2688,1228,4096,1277,0.75,0.70,0.84
2026-06-16T17:30:08Z,1781631008,624,74584,3853386,632480,183,72778,1321013,641414,3916,2698,1218,4096,1277,0.66,0.68,0.74
2026-06-16T17:45:04Z,1781631904,625,74584,3866414,633376,185,72778,1323067,642310,3916,2699,1217,4096,1277,1.05,0.94,0.83
2026-06-16T18:00:17Z,1781632817,625,74584,3880125,634289,190,72778,1325196,643223,3916,2704,1212,4096,1277,0.83,0.77,0.82
2026-06-16T18:15:02Z,1781633702,625,74584,3894660,635174,184,72778,1327284,644108,3916,2703,1213,4096,1277,1.16,1.19,1.09
2026-06-16T18:30:18Z,1781634618,625,74584,3908132,636090,184,72778,1329422,645024,3916,2710,1206,4096,1277,0.55,0.73,0.84
2026-06-16T18:45:01Z,1781635501,625,74584,3921452,636973,184,72778,1331436,645907,3916,2693,1223,4096,1277,0.63,0.67,0.76
2026-06-16T19:00:00Z,1781636400,624,74584,3935654,637872,184,72778,1333503,646806,3916,2691,1225,4096,1277,0.89,0.98,0.94
2026-06-16T19:15:00Z,1781637300,624,74584,3948944,638772,185,72778,1335546,647707,3916,2706,1210,4096,1277,1.06,1.05,0.99
2026-06-16T19:30:05Z,1781638205,623,74584,3960849,639677,195,72778,1337077,648611,3916,2711,1205,4096,1277,0.75,0.88,0.90
2026-06-16T19:45:01Z,1781639101,625,74584,3973491,640573,184,72778,1338610,649507,3916,2728,1188,4096,1276,0.98,0.99,0.93
2026-06-16T20:00:18Z,1781640018,623,74584,3986469,641490,186,72778,1340722,650424,3916,2716,1200,4096,1276,0.55,0.78,0.87
2026-06-16T20:15:02Z,1781640902,626,74584,3999528,642374,184,72778,1342767,651308,3916,2748,1168,4096,1276,0.97,0.84,0.83
2026-06-16T20:30:01Z,1781641801,625,74584,4012952,643272,184,72778,1344858,652207,3916,2681,1235,4096,1276,0.84,0.90,0.91
2026-06-16T20:45:01Z,1781642701,624,74584,4027011,644173,184,72778,1346948,653107,3916,2713,1203,4096,1276,1.59,1.14,1.02
2026-06-16T21:00:00Z,1781643600,625,74584,4041351,645071,185,72778,1349023,654006,3916,2705,1211,4096,1276,0.85,0.95,1.00
2026-06-16T21:15:01Z,1781644501,629,74584,4056175,645973,184,72778,1351127,654907,3916,2718,1198,4096,1277,0.72,0.94,0.99
2026-06-16T21:30:28Z,1781645428,626,74584,4071043,646900,186,72778,1353297,655834,3916,2730,1186,4096,1277,0.80,1.02,1.06
2026-06-16T21:45:01Z,1781646301,625,74584,4085247,647773,186,72778,1355332,656707,3916,2750,1166,4096,1277,1.30,0.81,0.88
2026-06-16T22:00:01Z,1781647201,627,74584,4099089,648673,183,72778,1357415,657607,3916,2720,1196,4096,1277,0.90,0.98,0.93
2026-06-16T22:15:01Z,1781648101,626,74584,4112816,649573,184,72778,1359481,658507,3916,2709,1207,4096,1277,0.84,1.08,1.04
2026-06-16T22:30:18Z,1781649018,627,74584,4126527,650490,186,72778,1361623,659424,3916,2722,1194,4096,1277,2.35,1.66,1.27
2026-06-16T22:45:01Z,1781649901,626,74584,4140006,651373,186,72778,1363620,660307,3916,2725,1191,4096,1277,0.84,1.20,1.24
2026-06-16T23:00:21Z,1781650821,624,74584,4153338,652293,183,72778,1365738,661227,3916,2231,1685,4096,1277,1.04,0.98,1.01
2026-06-16T23:15:00Z,1781651700,625,74584,4166237,653172,184,72778,1367721,662106,3916,1778,2138,4096,1277,0.99,0.93,0.93
2026-06-16T23:30:02Z,1781652602,624,74584,4179526,654074,195,72778,1369777,663008,3916,1784,2132,4096,1277,1.12,1.13,1.07
2026-06-16T23:45:01Z,1781653501,627,74584,4193538,654973,191,72778,1371848,663907,3916,1786,2130,4096,1277,1.29,1.14,1.09
2026-06-17T00:00:38Z,1781654438,625,74584,4207489,655910,183,72778,1373966,664844,3916,1791,2125,4096,1276,0.65,0.79,0.90
2026-06-17T00:15:18Z,1781655318,626,74584,4221198,656790,186,72778,1375922,665724,3916,1778,2138,4096,1276,0.97,0.88,0.90
2026-06-17T00:30:04Z,1781656204,626,74648,4234560,657676,191,72778,1377957,666610,3916,1764,2152,4096,1276,1.38,1.12,0.99
2026-06-17T00:45:00Z,1781657100,627,74648,4251348,658572,190,72778,1379991,667506,3916,1782,2134,4096,1275,0.79,0.70,0.82
2026-06-17T01:00:00Z,1781658000,630,74648,4264525,659472,184,72778,1382075,668406,3916,1755,2161,4096,1275,0.45,0.74,0.86
2026-06-17T01:15:00Z,1781658900,626,74648,4278751,660372,183,72778,1384220,669306,3916,2514,1402,4096,1278,0.90,1.06,0.98
2026-06-17T01:30:00Z,1781659800,626,74648,4292657,661272,196,72778,1385872,670206,3916,2524,1392,4096,1278,0.73,0.84,0.93
2026-06-17T01:45:01Z,1781660701,631,74648,4306440,662173,202,72778,1387143,671107,3916,2555,1361,4096,1278,0.86,0.99,0.98
2026-06-17T02:00:01Z,1781661601,620,74648,4320249,663072,256,72778,1388716,672006,3916,2565,1351,4096,1281,0.86,0.83,0.88
2026-06-17T02:15:18Z,1781662518,622,74648,4335883,663990,194,72778,1391498,672924,3916,2517,1399,4096,1281,0.84,1.07,1.03
